title,content,keywords,description
"Brighton Armchair","<p>Don&#039;t just admire our awe-inspiring Brighton Armchair from afar because with our low costing inventory, you can receive all of your patio needs at rock bottom prices. Our company prides itself in our impressive Brighton Armchair that is affordable to the masses. Ordering from Rattan Outdoor Furniture means guaranteed satisfaction alongside our high end quality and amazing discounts. Take your Brighton Armchair even further by browsing our online swatch book and adjusting the upholstery and welting to contrast. Recognize our striking details and innovating crafting techniques while resting assure your Brighton Armchair was purchased for the lowest price on the market.</p><p>Pamper yourself in the luxury of our impressive Brighton Armchair tailored for premium comfort and durability. By constructing our products with nonferrous aluminum frames, your Brighton Armchair will remain rust proof and endure the toughest of environmental factors. Using synthetic polyethylene resin, our artisan&#039;s meticulous handwork is clearly depicted with our tight strands retaining their color and refraining from blemishing. All-weather Allure fabrics have become a hallmark of our company with its ultra-resistance to moisture and sun damage. From top to bottom, our Brighton Armchair has commercial grade protection against the wear and tear of the everyday.</p><p>Our trend setting Brighton Armchair will enhance your home with pure charm and you can begin your order right now through our online store. Contact our operators for all assistance at <a href='tel:18442728826'>(844) 2-RATTAN</a>. Address your emails to <a href='mailto:sales@rattanoutdoorfurniture.com'>sales@rattanoutdoorfurniture.com</a> and inquire further about your Brighton Armchair purchase.</p>","Brighton Armchair","Our trendy Brighton Armchair is available now at competitive pricings that are normally seen during inventory clearances. Rattan Outdoor Furniture provides you with quality merchandise at an affordable price."
"Brighton Chaise Lounge","<p>Enjoy pure relaxation on our striking Brighton Chaise Lounge crafted to mold to the body&#039;s natural movements. Rest your hands on our sturdy arms crafted with nonferrous aluminum frames wrapped in synthetic polyethylene resin. Our company uses the industry&#039;s highly sought after materials to reinvent our stunning Brighton Chaise Lounge to maintain strong in the harshest of environments. Our Indentation Load Deflection (ILD) cushions are upholstered in Allure fabrics that are found on all products manufactured by Rattan Outdoor Furniture. Our fabrics are not only brilliant in color but are resistant to water and sun damage. Customize your Brighton Chaise Lounge with your choice of tints and hues quickly selected through our online swatch book where we also give you the option of matching or contrasting your Brighton Lounge welting.</p><p>Take your porch, patio or deck to a whole new level by adding our impressive Brighton Chaise Lounge today. How can you quickly begin your Brighton Chaise Lounge order? Select the quantity and color to coordinate with your home&#039;s existing decor and then checkout. The Brighton Chaise Lounge you seek is in stock and ready to be shipped to your home free of charge. Talk with our in-house designers and discuss your individual needs with our experts.</p><p>Contact our operators now at <a href='tel:18442728826'>(844) 2-RATTAN</a> and we&#039;ll address your furniture inquires. Email your Brighton Chaise Lounge in use to <a href='mailto:sales@rattanoutdoorfurniture.com'>sales@rattanoutdoorfurniture.com</a> and your home may be featured on our Facebook page.</p>","Brighton Chaise Lounge","Bring home our stunning Brighton Chaise Lounge onto your patio today with the astonishing Rattan Outdoor Furniture merchandise, designed for high-end by priced for the everyday consumer."
"Brighton Coffee Table","<p>How can you configure your lifestyle to include stunning Brighton Coffee Table? Strikingly beautiful Brighton Coffee Table brings a new level of perfection into your home. Dramatic corners, enticing curves and bold angles exude luxury and artistic value and is crafted to withstand the rigors of harsh weather and everyday use. The durability of our welded aluminum frames that are naturally rust free are only more sustainable when wrapped in sleek and eco-friendly synthetic polyethylene. Our versatile Brighton Coffee Table your choice of exquisite marble or tempered glass tops that is resistant to the formation of blemishes, scratches and discoloration. A new level of strength and refinement has been achieved on our meticulously tailored Brighton Coffee Table.</p><p>Obtaining brilliant Brighton Coffee Table all begins with our online store and registering with us for easy access to your account and our entire furniture collections. We make purchasing Brighton Coffee Table quick, simple and affordable. Rattan Outdoor Furniture lists its products at rock bottom prices everyday. Ordering through our company also means fast and free delivery with your Brighton Coffee Table being sent directly to your home or location of choice. Take a hold of your outdoors now with the arrangement of luxury and beneficial Brighton Coffee Table.</p><p>Make direct contact with our impressive in house designers at <a href='tel:18442728826'>(844) 2-RATTAN</a>, or send an email to our staff at <a href='mailto:sales@rattanoutdoorfurniture.com'>sales@rattanoutdoorfurniture.com</a> for all of your Brighton Coffee Table needs.</p>","Brighton Coffee Table","Acquire our Brighton Coffee Table that has the added effects of fast shipping and everlasting durability. Rattan Outdoor Furniture has an impressive selection of merchandise with free shipping on all orders."
"Brighton Dining Chair","<p>Tranquility is never far with trend setting Brighton Dining Chair that provide sink in seating and modern elegance at affordable prices. Our artisans have crafted gentle curves and subtle details that provide immediate comfort and attractive appeal. The exceptional craftsmanship is leading the industry in reliable durability with our Brighton Dining Chair richly woven to refrain against weakening under the elements. Eco-friendly, polyethylene resin is tightly wrapped around our nonferrous aluminum frames that simply cannot rust. Each Indentation Load Deflection (ILD) cushion is overstuffed and upholstered in remarkable Allure fabrics that deflect water damage and color fading. With the use of commercial grade materials, our impeccable Brighton Dining Chair is easily maintained with little upkeep required.</p><p>How are our striking Brighton Dining Chair is a practical solution for your outdoors? With their apparent luxurious styling, the benefit of our amazing Brighton Dining Chair goes beyond aesthetics and into our impressive factory pricing. Distract from the ordinary with our exquisite Brighton Dining Chair that are affordable to the everyday consumer. Our exclusive savings are always fond through our online store alongside standard fast and free shipping. Modern sophistication is never far away when you put our lavish Brighton Dining Chair to use.</p><p>Keep track of your order by registering with us today and have your questions answered by calling us at <a href='tel:18442728826'>(844) 2-RATTAN</a>. Send all emails to <a href='mailto:sales@rattanoutdoorfurniture.com'>sales@rattanoutdoorfurniture.com</a> and find out more information on the benefits of owning our state of the art Brighton Dining Chair.</p>","Brighton Dining Chair","Our impressive Brighton Dining Chair is in stock and awaiting to be shipped to your home for free. Emphasize the seaside ambiance of your home with high-end products listed at discounted prices."
"Brighton Dining Table","<p>Highlight the charm of your outdoor patio with our breathtaking Brighton Dining Table crafted with an aesthetic appeal and ultra-durability. Showcase your home&#039;s best attributes and enjoy dinner with family and friends on our stunning Brighton Dining Table that can seat two to six people. No more worries about spills and after dinner messes, as we use premium materials to ensure your Brighton Dining Table can maintain vibrant even when under the strain of everyday wear and tear. Nonferrous frames are naturally rust free and our synthetic resin is meticulously wrapped from head to toe in a tight weave that is resistant to chipping, pealing and blemishes. Our Brighton Dining Table is designed to be arranged and rearranged with ease.</p><p>How can you purchase your Brighton Dining Table now? We make all ordering easy at Rattan Outdoor Furniture and as always, you&#039;ll pay the lowest prices on the market. As a trusted e-commerce member, we supply the nation with our leading Brighton Dining Table that is exceptional in style and priced to sell. Become impressed with not only our distinctive Brighton Dining Table but all the benefits that come standard such as fast and hassle free shipping and a 60 day price match guarantee.</p><p>You can do all of your shopping online today or call us for assistance at <a href='tel:18442728826'>(844) 2-RATTAN</a>. Address all questions to our prompt response email at <a href='mailto:sales@rattanoutdoorfurniture.com'>sales@rattanoutdoorfurniture.com</a> and inquire further about our amazing Brighton Dining Table.</p>","Brighton Dining Table","Entertain with the impressive look of our amazing Brighton Dining Table tailored with impressive designs and stunning styles. Rattan Outdoor Furniture specializes in fast shipping and factory direct pricing."
"Brighton Sectional","<p>Pamper your home with the ultimate sophistication of our exquisite Brighton Sectional. Our clean and fresh design includes well molded angles, sleek angles and accentuating curves. Every inch of our breathtaking Brighton Sectional allows for premium function and stunning furniture displays. Coordinating poly spun fabrics will easily blend into your tranquil surroundings. We mold our Brighton Sectional from nonferrous aluminum frames and wrap them in the durability of tightly woven synthetic resin that will not crack, chip, snap or peel. Softly textured deep seating is upholstered in Allure fabrics that are color infused to prevent fading and discoloration. Through the most extreme of conditions, your amazing Brighton Sectional will remain a beloved piece on your patio, deck or porch.</p><p>Build your own configuration of luxury with the aid of our brilliant Brighton Sectional. These high end, heirloom pieces are also sold to you at an irresistible price. All of our collections come with exclusive savings that are below normal retail prices. With the purchase of our incredible Brighton Sectional, you will see how we can retain our high ecommerce market ranking, as we supply you with fast and free delivery alongside premium customer service.</p><p>Do you have questions on how to order your tailored Brighton Sectional? Contact our sales staff at <a href='tel:18442728826'>(844) 2-RATTAN</a>. Our in-house designers can also assist via our email, <a href='mailto:sales@rattanoutdoorfurniture.com'>sales@rattanoutdoorfurniture.com</a>. See how our exquisite Brighton Sectional can provide gratification in your home.</p>","Brighton Sectional","Obtain our lavish Brighton Sectional to pamper yourself in luxury brought to you by Rattan Outdoor Furniture. All of our merchandise is listed at factory direct prices and feature free shipping."
"Java Isle Armchair","<p>How are our awe-inspiring Java Isle Armchairs changing an industry? Our ergonomic seating is provided everyday on stunning Java Isle Armchairs. We distinguish our products by crafting them with impeccable style and functionality. Spun polyester is used on all of our Java Isle Armchairs cushioning and will provide you with premium comfort a top our durable yet softly textured Allure fabrics. Using innovating construction techniques, our Viro rattan resin is woven by master craftsman and encompasses our nonferrous aluminum frames. Exceptional Java Isle Armchairs are crafted with ultra-endurance that will withstand the climate of any environment.  By constructing with only the leading industry advancements, our products will not crack, peel or chip. Throughout the years, your treasured Java Isle Armchairs will sustain by retaining their impressive color and overall appearance.</p><p>The benefits of having our own manufacturing facilities can clearly be seen in the jaw dropping prices of our high-end Java Isle Armchairs. Our customers provide us with inspiration so we reward you by providing affordable products such as our Java Isle Armchairs that are both dependable and attractive. From warranties to our 60 day price match, you&rsquo;ll always find everlasting reliance in the purchasing of Java Isle Armchairs and other collections found at Rattan Outdoor Furniture.</p><p>Discover more about our reliable reputation and our Java Isle Armchairs by contacting us at <a href='tel:18442728826'>(844) 2-RATTAN</a>. Email us seven days a week at <a href='mailto:sales@rattanoutdoorfurniture.com'>sales@rattanoutdoorfurniture.com</a> and find out about the fast shipping provided with the purchase of our Java Isle Armchairs.</p>","Java Isle Armchair","Benefit from stunning Java Isle Armchairs crafted with innovating materials and trendy textiles. Purchase merchandise knowing, you&#039;ll always pay below retail value and receive fast and free shipping."
"Java Isle Bar","<p>Complete your patio or poolside deck with our inviting Java Isle Bars crafted with ample storage space for ease of access barware storage. The sturdy reliability of our handcrafted Java Isle Bars are obtained by the use of nonferrous aluminum frames, synthetic, eco-friendly resin rattan and your choice of tempered glass or an upgraded marble top. All materials used in the construction of our incredible Java Isle Bars are tested to withstand in even the most demanding of environments while also maintaining their stunning style. We use forward thinking designs so all of our Java Isle Bars will entice your guests with perfected curves, jaw dropping colors and impeccable hand woven weaves. The consensus continues to depict our high-end Java Isle Bars as top buys for homeowners, brick and mortar store or for the purpose of designers. Highlight your home with the awe-inspiring craftsmanship of our dependable Java Isle Bars.</p><p>Have your Java Isle Bars shipped directly to the location of your choice with little to no assembly required and the fast delivery only found at Rattan Outdoor Furniture. Our customers continue to enjoy the pleasures of our Java Isle Bars without the wait. Our fast shipping is found across the continental United States. Learn more by contacting our sales team at <a href='tel:18442728826'>(844) 2-RATTAN</a>. Our quick and accessible email is available 24/7 at <a href='mailto:sales@rattanoutdoorfurniture.com'>sales@rattanoutdoorfurniture.com</a>. Have all of your Java Isle Bars inquiries addressed in record time now.</p>","Java Isle Bar","Never ending enjoyment is found on striking Java Isle Bars made with specialized top of the line materials. Purchase high-end merchandise at a price anyone can fit into their budget."
"Java Isle Bar Stool","<p>How is our stylish Java Isle Bar Stool changing the industry? Appreciate the comfortable and functional design of our lush Java Isle Bar Stool with delicate earth tones, mild curves and subtle arm rests crafted to provide premium relaxation. Luxuriantly woven resin convey textures that are cautiously crafted by being firmly wrapped around the stability of commercial grade nonferrous aluminum frames. Each Java Isle Bar Stool is effortlessly cleaned by using merely soap and water, our eco-friendly materials remove the need for seasonal maintenance. Polyester fibers are imbedded with color to uphold vibrancy. Our Allure fabrics inviting appearance also provide sink-in seating, and softly textured upholstery, Indention Load Deflection (ILD) alongside oversized cushions. Outstanding luxury completes your outdoor oasis with our impressive Java Isle Bar Stool.</p><p>Purchase our foremost Java Isle Bar Stool today and see why our discounts our widely recognized as a leading value to the consumer. Our high-end Java Isle Bar Stool and collections can now be enjoyed by the masses because you&#039;ll always discover select savings. Rattan Outdoor Furniture wants you to have rapid access to inspiring products. Collaborating our spectacular deals with our speedy shipping means our Java Isle Bar Stool is sent directly to your home with little hassle.</p><p>Ask how our in house designer can tailor your unique Java Isle Bar Stool to seamlessly blend into your surroundings by contacting us at <a href='tel:18442728826'>(844) 2-RATTAN</a>. Our email is available at <a href='mailto:sales@rattanoutdoorfurniture.com'>sales@rattanoutdoorfurniture.com</a>. See the never ending benefits of our jaw dropping Java Isle Bar Stool.</p>","Java Isle Bar Stool","Purchase our Java Isle Bar Stool at prices so low, they&#039;re normally reserved for inventory clearances. We continually provide high-end merchandise that is recognized as leading in quality and discounts."
"Java Isle Bar Table","<p>Entertain in style all year round with Rattan Outdoor Furniture and our impeccable Java Isle Bar Table designed to enhance your landscaped yard and convey functionality. Become a trendsetter in your neighborhood and proudly arrange our Java Isle Bar Table as the centerpiece to your patio, porch, deck or poolside. Virtually indistinguishable and crafted for ultimate sustainability, each Java Isle Bar Table is depicted with intricately woven polyethylene rattan and wicker and hand painted nonferrous aluminum frames. From head to toe, our Java Isle Bar Table is designed to refrain from seasonal wear and tear even our tempered glass is tested to prevent chips, discoloration and breakage, or you can choose our optional marble tops to provide your Java Isle Bar Table with a one-of-a-kind natural aesthetic. Reveal the heart of your home and furnish it with the incredible details found on our company&rsquo;s leading Java Isle Bar Table.</p><p>How can you receive our high-end Java Isle Bar Table at an incredible price? Every day, we supply a nation with wholesale pricings whether you&rsquo;re purchasing a single piece or an entire collection. Order your Java Isle Bar Table with the relief of knowing you&rsquo;re paying the industry&rsquo;s lowest prices. Order your Java Isle Bar Table and impress all who stop by when you email our sales team at <a href='mailto:sales@rattanoutdoorfurniture.com'>sales@rattanoutdoorfurniture.com</a>. You can also discover how to customize your unique Java Isle BarTable by talking with our in house designers at <a href='tel:18442728826'>(844) 2-RATTAN</a>.</p>","Java Isle Bar Table","Purchase our Java Isle Bar Table at the best discounts found on the web. Browse our clearcut galleries where you can easily picture each piece ornate on your patio."
"Java Isle Chaise Lounger","<p>How can you discover premium luxury on our impressive Java Isle Chaise Loungers? Recline in utter comfort with the plush and softly textured Indentation Deflection Load (IDL) cushioning only found on our handcrafted Java Isle Chaise Loungers. Our one-of-a-kind Allure fabrics are tested to withstand the harshest of climates while remaining fresh and pleasing to the touch. All year long, our nonferrous aluminum frames and synthetic polyethylene resin rattan will refrain from the formation of scratches and blemishes on your Java Isle Chaise Loungers while also resisting sun and water damage. Rattan Outdoor Furniture has made a commitment to exceptional craftsmanship with all of our Java Isle Chaise Loungers. Seasonal maintenance has become a thing of the past and everyday leisure has become your future with the aid of our stunning Java Isle Chaise Loungers.</p><p>Never again pay outrageous prices for your high-end Java Isle Chaise Loungers because we always offer you wholesale discounts on your orders whether you&rsquo;re ordering one or an entire container of Java Isle Chaise Loungers. Our commitment to value and savings go beyond the pricings of our show stopping Java Isle Chaise Loungers and can also be found with our five year warranties and shipping directly to your home or storefront.</p><p>Discuss our Java Isle Chaise Loungers with our in-house designers at <a href='tel:18442728826'>(844) 2-RATTAN</a>. Keep up-to-date on all of our limited of time sales by contacting our sales department at <a href='mailto:sales@rattanoutdoorfurniture.com'>sales@rattanoutdoorfurniture.com</a>.</p>","Java Isle Chaise Lounger","Add sophistication to your home&#039;s exterior with exceptional Java Isle Chair Loungers and recognized as top of the line value. Order today and receive free shipping."
"Java Isle Coffee Table","<p>Enhance your home with our trending Java Isle Coffee Table that is designed to become the highlight of any patio, lanai or poolside. Our artisan crafted products beautifully blend striking appeal and everyday functionality. Our Java Isle Coffee Table is unmistakable highly sought after while being constructed of commercial grade materials but maintaining an old world charm and detailed with modern sophistication. Hand applied polyethylene rattan is pedantically wrapped around remarkable nonferrous aluminum frames. Showcase your designer&rsquo;s eye in your outdoors and never worry about your Java Isle Coffee Table weathering. Rain or shine, our Viro resin is imbued with the advancement of enduring color pigments that will remain vibrant while resisting fading and discoloration. Enjoy the eternal strength of our awe-inspiring Java Isle Coffee Table designed with exquisite angles, sloping legs and the benefit of storage underneath.</p><p>Are you looking to tailor our unique Java Isle Coffee Table for your home? Take a glance at the top quality of our trend setting Java Isle Coffee Table and choose from our selection of tempered glass or marble tops. Both options provide you with lasting beauty while are resistant against stains, scratches and other blemishes. Open your outdoors to the skillful design of our flawless Java Isle Coffee Table today and it all begins when you register with our online store today.</p><p>Easily receive assistance now with your Java Isle Coffee Table when calling our readily available operators at <a href='tel:18442728826'>(844) 2-RATTAN</a>. Ask about our Java Isle Coffee Table by emailing our in house designers at <a href='mailto:sales@rattanoutdoorfurniture.com'>sales@rattanoutdoorfurniture.com</a>.</p>","Java Isle Coffee Table","Become admired by everyone you know with our brilliant Java Isle Coffee Table ornate in your home. Breathtaking merchandise is exceptional in both quality and price with incredible discounts being offered now."
"Java Isle Corner Modular Bar","<p>Bring modern sophistication to the classic bar set with our innovating Java Isle Corner Modular Bar. Extend the use of your bar with ample table top space and a stunning expression of luxury. Shape your own arrangement and effortlessly add more room for all of your outdoor entertainment. Create a U-shape or add another Java Isle Corner Modular Bar to enable your bar to form a semi-circle. Refined tones, smooth angles and curved corners express elegance and extravagance. Our Java Isle Corner Modular Bar is a dependable choice with incomparable artistry allowing you to appreciate the engaging ambiance of your outdoors for years to come. Nonferrous aluminum frames and eco-friendly, synthetic polyethylene resin is used for commercial grade strength against imminent conditions and continuous daily use on your impressive Java Isle Corner Modular Bar.</p><p>Select from the sheen of our immaculate tempered glass or optional charming marble table tops to emphasize the superior style of our spectacular Java Isle Corner Modular Bar. We offer our customers premium options when buying from our easily reachable online store. Order today and experience the convenience of our customary free shipping and delivery with each Java Isle Corner Modular Bar order directed straight to your home.</p><p>Our professional and friendly staff will answer all of your Java Isle Corner Modular Bar inquiries at <a href='tel:18442728826'>(844) 2-RATTAN</a>. Email us at <a href='mailto:sales@rattanoutdoorfurniture.com'>sales@rattanoutdoorfurniture.com</a> and receive even more information on our distinctive Java Isle Corner Modular Bar.</p>","Java Isle Corner Modular Bar","You&#039;ll think our Java Isle Corner Modular Bar is listed at an exclusive promotional price but we are always providing customers with the best deals on the market."
"Java Isle Counter Bar Stool","<p>Emphasize your passion for forward fashion with the stunning appearance of our unique Java Isle Counter Bar Stool. Allow yourself to become awestruck with our handcrafted and exceptionally designed Java Isle Counter Bar Stool that is distinctive with its striking curves, ample seating space and innovating construction. Our products are recognized for their nonferrous frames crafted to convey a pampered look at a wholesale price. Using polyethylene rattan and wicker strands, our artisans create a tight weave that will not chip, peel or succumb to the elements. Adding appeal and sustainability to your patio, lanai or deck is now convenient because of our impressive Java Isle Counter Bar Stools. Discover the boundless benefits of our prolific Java Isle Counter Bar Stools today.</p><p>Purchase our sensational Java Isle Bar Counter Stools at prices that continue to rank as the biggest savings available in the market. Rattan Outdoor Furniture provides the country with quality Java Isle Counter Bar Stools for discounts affordable for any household. Order today and enjoy our exclusive deals with our fast shipping. All Java Isle Counter Bar Stools are shipped little to no assembly required and deliver directly to your home. Receive more information on about our products by talking with our sales team at <a href='tel:18442728826'>(844) 2-RATTAN</a>. You can also email our design team at <a href='mailto:sales@rattanoutdoorfurniture.com'>sales@rattanoutdoorfurniture.com</a>. Since our products always come with one-of-a-kind style and remarkable endurance, our amazing Java Isle Counter Bar Stools remain a customer favorite.</p>","Java Isle Counter Bar Stool","Take the guess work out of shopping for price and quality because our Java Isle Counter Bar Stool comes with high-end satisfaction alongside the lowest discounts. Shop now and have confidence in every purchase."
"Java Isle End Table","<p>Be proud of the definitive style found within the stunning appeal of our Java Isle End Table. Let our products ornate your deck, backyard garden or veranda. Remaining up-to-date with trending style is simple with our company and our fashion forward designs seen clearly on our newly updated Java Isle End Table. Our master craftsmen proficiently design our notable Java Isle End Table to bear natural beauty with hand-woven rattan strands being tortuously wrapped around our durable nonferrous aluminum frames crafted for beauty but tailored with immaculate fortitude. Our enduring Java Isle End Table has noticable curves that emphasize your surroundings in unmatched elegance and refinement. Easily integrate our outstanding Java Isle End Table into your home and watch as your family, friends and neighbors appreciate it&#039;s lasting sophistication.</p><p>How do we ensure our Java Isle End Table stands up to everyday use? Each astounding Java Isle End Table is crafted to continuously withstand the wear and tear of the seasonal elements and strenuous use. Whether you select our optional marble or our remarkable tempered glass table tops, each will withstand due to technological advancements, we&rsquo;ve developed for longevity while resisting the formation of scratches and blemishes. Overpowering strength is found in our firmly woven Viro rattan and irrefutable beneficial frames. We don&#039;t just sell attractive craftsmanship, we provide you with commercial grade superiority.</p><p>Order your impressive Java Isle End Table and ask about our free shipping options by emailing our sales team at <a href='mailto:sales@rattanoutdoorfurniture.com'>sales@rattanoutdoorfurniture.com</a>. You can also discover how to customize your unique Java Isle End Table by talking with our in house designers at <a href='tel:18442728826'>(844) 2-RATTAN</a>.</p>","Java Isle End Table","Distract yourself from the daily grind with our luxurious Java Isle End Table recognized as a leading value on the ecommerce market. Rattan Outdoor Furniture offers daily jaw dropping discounts on all products."
"Java Isle Lounge Chair","<p>Exceptional value and leisure is always found on our distinctive Java Isle Lounge Chairs. Every detail is delicately crafted to perfection, so you always receive premium products that are construct with your ultimate comfort in mind. Our jaw dropping Java Isle Lounge Chairs has become recognized for its stylish appeal with stunning curves and arms angled to keep you rested year round. Our Java Isle Lounge Chairs are recognized across the nation as top of the line and is not just for residential homes but five star hotels and resorts. However our naturally pleasing aesthetics are just the start as we craft our breathtaking Java Isle Lounge Chairs with industry leading materials such as our nonferrous aluminum frames, synthetic polyethylene resin rattan and our exclusive water resistant Allure fabrics.</p><p>The pure essence of refinement is clearly seen on high-end Java Isle Lounge Chairs with our stunning curves and attractively textured cushioning. In stock and ready to be delivered, Java Isle Lounge Chairs can be sent directly to your home today. Rattan Outdoor Furniture has retained it&#039;s reliable reputation as a trusted ecommerce member and with consumers across the globe, our premium Java Isle Lounge Chair is a trusted industry product. Order online and select colors from our online swatch book to tailor your unique Java Isle Lounge Chair to coordinate with your natural surroundings.</p><p>Email us for prompt responses any time of day at <a href='mailto:sales@rattanoutdoorfurniture.com'>sales@rattanoutdoorfurniture.com</a>. Need help with your online order? Call our representatives at <a href='tel:18442728826'>(844) 2-RATTAN</a> for all Java Isle Lounge Chair assistance.</p>","Java Isle Lounge Chair","Our high quality Java Isle Lounge Chair features state of the art comfort alongside factory direct pricings. See Rattan Outdoor Furniture&#039;s exceptional merchandise and pamper your home today."
"Java Isle Loveseat","<p>Displaying quality at its finest with sloping angles, spun polyester cushioning, Java Isle Loveseats are designed with Indentation Load Deflection (ILD) and innovating advancements to achieve excellent versatility and sustainability. Crafting our Java Isle Loveseats with thick gauge nonferrous aluminum frames means we have illuminated the risks of water and sun damage. Hand weaving synthetic polyethylene ensures we have firmly wrapped our resin around each frame, enables your exquisite Java Isle Loveseat from succumbing to the seasonal elements or forming cracks and chips. Moisture resistant Allure fabrics are infused with rich color of your choosing with options available online. Our sculpted backs will conform to your body&#039;s movement for plush comfort only found on our exclusive Java Isle Loveseat.</p><p>The gorgeous craftsmanship seen on our Java Isle Loveseat is uncompromising just like our discount rates. Make our stunning Java Isle Loveseat the focal point of style in your home and complete your order today by registering with online. Once your purchase is complete, we will ship your Java Isle Loveseat to the location of your choice free of charge. Become a valued customer and see how we not only provide you with uncompromising benefits but with the assurance of everyday low prices.</p><p>Allow our qualified operators assist you every step of the way by contacting us at <a href='tel:18442728826'>(844) 2-RATTAN</a>. Ask for further details about our amazing Java Isle Loveseat by emailing our associates at <a href='mailto:sales@rattanoutdoorfurniture.com'>sales@rattanoutdoorfurniture.com</a>.</p>","Java Isle Loveseat","Purchase your Java Isle Loveseat from a trusted ecommerce member and always receive fast and free shipping. Rattan Outdoor Furniture lists all of its products at exceptionally low discounts."
"Java Isle Ottoman","<p>Always remain at the cutting edge of design with our innovating and jaw dropping Java Isle Ottoman crafted with lustrous sides, plush cushioning and lightweight frames for easy rearranging. By using nonferrous aluminum and Viro rattan resin, you&#039;ll become amazed at how low maintenance our remarkable Java Isle Ottoman really is. Gorgeous fabric choices are available through our online swatch book were you&#039;ll be able to tailor each piece to perfectly accentuate your individuality. Invite life onto your patio and revel in the ultimate comfort of our Allure fabrics, soft and texture but unmatched in durability with UV protection and water resistance sewn into its every fiber. Captivate with each Java Isle Ottoman infused with rich color and designed to maintain the relaxing ambiance of your carefree oasis.</p><p>We have distinguishes ourselves not just in our exceptional Java Isle Ottoman&#039;s artistry but in its discounted price as well. We offer wholesale pricing on every collection and when you include our standard free shipping, you will see why our customer satisfaction rating is at an all-time high. Make Rattan Outdoor Furniture the foundation of your outdoors with the arrangement of our exquisite Java Isle Ottoman and our other superbly crafted collection.</p><p>Do you have questions on our Java Isle Ottoman? We have answers at <a href='tel:18442728826'>(844) 2-RATTAN</a>. Email your Java Isle Ottoman inquiries to <a href='mailto:sales@rattanoutdoorfurniture.com'>sales@rattanoutdoorfurniture.com</a> and we will promptly respond every time.</p>","Java Isle Ottoman","Find our lavish Java Isle Ottoman priced below market value at Rattan Outdoor Furniture, where all of our merchandise is recognized throughout the industry. Purchase now and receive fast and free shipping."
"Java Isle Sofa","<p>Accentuate breathtaking displays throughout your home and feature our Java Isle Sofas as the centerpiece of your patio. Crafted with intricately shaped legs, sloping arms and sculpted backs, our Java Isle Sofas have captured the essence of refinement. Durability is ensured with naturally rust resistant nonferrous frames, spun polyester fabrics and Indentation Load Deflection (ILD) cushioning designed to curve to your body&#039;s movement. Using technological advancements, our striking Java Isle Sofa will withstand strenuous everyday use while continuing to thrive. Little to no maintenance is required on our Java Isle Sofa because we craft each piece with synthetic polyethylene that has the natural appearance of rattan without the nuisance of seasonal upkeep. Allure fabrics sustain their pulsating colors and will not fade in the sun, so from head to toe, your striking Java Isle Sofa is always protection against the elements.</p><p>Become astounded at our impeccable craftsmanship found on our inspiring Java Isle Sofa and save yourself from the overwhelming feeling of sticker shock. We price our collections at jaw dropping discounted rates. Register with us online today and begin your order to receive our Java Isle Sofa sent directly to your home. The assurance of wholesale pricing and the convenience of our easily accessible purchasing, makes Rattan Outdoor Furniture a trusted ecommerce member.</p><p>Contact our highly trained associated who are ready to start you on your way to owning a gorgeous Java Isle Sofa at <a href='tel:18442728826'>(844) 2-RATTAN</a>. Your questions are also quickly addressed when inquiring at <a href='mailto:sales@rattanoutdoorfurniture.com'>sales@rattanoutdoorfurniture.com</a>.</p>","Java Isle Sofa","Feel right at home in your outdoors with the comfort of our luxurious Java Isle Sofa crafted with you, the consumer in mind. From quality to price, owning our products continues to be satisfying and carefree."
"Java Isle Swivel Bar Stool","<p>See how our incredibly crafted Java Isle Swivel Bar Stool is inspiring an industry. The comfort of forward thinking designs and impeccable construction keeps our customers impressed with the pure satisfaction of our attractive Java Isle Swivel Bar Stool. Highlight the best features of your home by selecting from our vibrant and eye-catching fabric and finishing options or choose from delicate earth tones and capture the heart of your inner-self with our spectacular Java Isle Swivel Bar Stool. Impeccably woven with synthetic polyethylene wicker and rattan with the added support of durable nonferrous aluminum frames, our company&rsquo;s Java Isle Swivel Bar Stool will last for years to come and prevent you from strenuous seasonal maintenance. With the use of Allure fabrics, even your Java Isle Swivel Bar Stool cushions are easily cleaned and renowned for their Indentation Load Deflection (ILD) technology allow you to sink into premium relaxation.</p><p>Order our notable Java Isle Swivel Bar Stool now to see why our daily savings our broadly distinguished as a prominent value to the everyday consumer. Our quality Java Isle Swivel Bar Stool can now be enjoyed by home and business owners alike because whatever the size or you purchase, you&rsquo;ll receive wholesale pricing. Discover more benefits when purchasing our Java Isle Swivel Bar Stool by contacting us at <a href='tel:18442728826'>(844) 2-RATTAN</a>. Our email is available at <a href='mailto:sales@rattanoutdoorfurniture.com'>sales@rattanoutdoorfurniture.com</a>. See the never ending benefits of our jaw dropping Java Isle Bar Stool.</p>","Java Isle Swivel Bar Stool","Worry free shopping comes standard with every Java Isle Swivel Bar Stool purchase. That&rsquo;s because we want to provide you with the resounding convenience of the quickest cart to delivery turnaround available."
"Java Isle Swivel Rocker","<p>Taking a traditional treasure and adding an impeccable comfort and design, our Java Isle Swivel Rocker tantalizes with incredible curves and a design that will truly turn heads. Continue to set trends in your neighborhood by purchasing sophistication, coming standard in every handcrafted Java Isle Swivel Rocker. Sink into our Indentation Load Deflection (ILD) cushions wrapped in the premium protection of softly textured Allure fabrics crafted to withstand climates of all kinds. Nonferrous aluminum frames support the hand-woven perfection of our Viro resin rattan strands tightly strapped into place. Retreat to your patio, lanai, veranda or sunroom by placing our pivoting Java Isle Swivel Rocker up front and center inviting all who enter to enjoy high-end and serenity.</p><p>Have you been waiting for a fresh and modern take on your outdoor furniture? Our Java Isle Swivel Rocker continues to impress the market with our holdfast commitment to satisfaction and uncompromising craftsmanship. Whether you are a homeowner, designer or brick and mortar store owner, you&rsquo;ll find the same amazing deals on our Java Isle Swivel Rocker, because we find pride in offer everyone the same incredibly low discounts. Celebrate the renovation of your home, opening of your new showroom or the unveiling of your new exterior designs with our easily accessible Java Isle Swivel Rocker.</p><p>Order our Java Isle Swivel Rocker online today or contact our customer service at <a href='tel:18442728826'>(844) 2-RATTAN</a> to become yet another satisfied customer. Ask for help in the purchasing of your Java Isle Swivel Rocker by emailing our sales team at <a href='mailto:sales@rattanoutdoorfurniture.com'>sales@rattanoutdoorfurniture.com</a>.</p>","Java Isle Swivel Rocker","Entertain rain or shine with our breathtaking Java Isle Swivel Rocker constructed with jaw dropping craftsmanship. All of our inventory is listed at inventory clearance prices so everyone can own a piece of luxury."
"Napa Grove Chair","<p>Renovate your home with the elegance of our uniquely crafted Napa Grove Chairs. Provide your guests with our transformative collection that includes the addition of our signature three rings woven into the back of our eye-catching Napa Grove Chairs. Sit in style and become the ruler of your domain with the power of our nonferrous aluminum frames and tightly woven synthetic polyethylene woven by skillful artisans. From top to bottom Napa Grove Chairs provide you with the ultimate protection preventing chips, scratches, fading and damage even in the harshest conditions. Our Allure fabrics are vibrant in color and all-weather protected, keeping our contoured cushions safe from mold or mildew. Ultra-endurance is finally crafted into the attractive appeal of our stunning Napa Grove Chairs.</p><p>Do not just enjoy the finely molded angles, sleek curves and tantalizing weaves clearly depicted on awe-inspiring Napa Grove Chairs, also take pleasure in our wholesale prices. Whether you&rsquo;re a homeowner, designer or own a storefront, you will always pay one incredibly low price for your jaw dropping Napa Grove Chairs. The benefits of purchasing Napa Grove Chairs also blends into our warranties, 60-day price match guarantee and everlasting charm. Bring home the sophistication of our Napa Grove Chairs today and receive our fast and reliable everyday shipping.</p><p>Contact our sales team at <a href='tel:18442728826'>(844) 2-RATTAN</a> and discover why our Napa Grove Chairs are innovating an entire industry. Our email is available 24-hours a day at <a href='mailto:sales@rattanoutdoorfurniture.com'>sales@rattanoutdoorfurniture.com</a> and become even more informed on your Napa Grove Chairs purchase.</p>","Napa Grove Chair","Enjoy low and bargain prices on every Napa Grove Chair found at Rattan Outdoor Furniture. See why every purchase is filled with rewarding benefits fit for the everyday consumer."
"Napa Grove Dining Table","<p>Gather around our stunning Napa Grove Dining Table and reinvent your outdoor living space to portray an awe-inspiring ambiance that will captivate all of your family and friends. Blend attractive appeal with innovating crafting techniques seen only on our Napa Grove Dining Table that captures traditional weaves with modern sophistication. Carefully placed synthetic rattan and wicker is meticulously secured to our impeccable hand-painted nonferrous aluminum frames, enabling our company&#039;s impressive Napa Grove Dining Table to add an eye-catching designer&#039;s touch to your home&#039;s exterior. Revel in the scratch and blemish resistant tempered glass top or take pleasure by adding our optional marble tops designed to sustain in even the most demanding of environments. All year long you will proudly display our prominent Napa Grove Dining Table on your porch, patio, garden or poolside, and watch as those around you admire your breathtaking style.</p><p>Become impressed in not only the amazing appeal of our distinctive Napa Grove Dining Table but it&#039;s low cost to the everyday consumer. We always list our one-of-a-kind products at wholesale prices whether you&#039;re order a full collection or a single Napa Grove Dining Table, because we believe everyone can afford luxury. How can you remain up to date on our Napa Grove Dining Table? Register your email with us and always know about our latest products. Contact our sales team at <a href='tel:18442728826'>(844) 2-RATTAN</a>. Send an email to <a href='mailto:sales@rattanoutdoorfurniture.com'>sales@rattanoutdoorfurniture.com</a> and learn more about the benefits of owning our Napa Grove Dining Table.</p>","Napa Grove Dining Table","Benefit from the ever impressive Napa Grove Dining Table that is high in quality and luxury. Purchase products from Rattan Outdoor Furniture to receive the beneficial service of free shipping."
"Napa Grove Table","<p>Find room for everyone at your next dinner party around our impeccable Napa Grove Table that has been designed to highlight patios, lanais and pool sides. Our handcrafted products brilliantly bring together prominent appeal and everyday sustainability. Our Napa Grove Table is unambiguously tailored being designed with commercial grade materials and conveying a detailed modern sophistication. Tightly woven polyethylene rattan and wicker is thoroughly wrapped around extraordinary nonferrous aluminum frames. Showcase your trendsetting style in your home and never worry about the weathering of your Napa Grove Table. Throughout all of the seasons, our Viro resin has the advancements of fade resistant color pigments that will continue to remain vibrant. Our company is proud to display the everlasting strength of our stunning Napa Grove Table.</p><p>Are you looking for our unique Napa Grove Table to accentuate your home? Peak at the industry quality of our impressive Napa Grove Table and select from either our tempered glass or optional marble tops. Both tops provide you with lasting beauty while resisting stains, scratches and other blemishes. Open your outdoors to the skillful design of our flawless Napa Grove Table today and it all begins when you register with our online store today.</p><p>Easily receive assistance now with your Napa Grove Table when calling our readily available operators at <a href='tel:18442728826'>(844) 2-RATTAN</a>. Ask about our Napa Grove Table by emailing our in house designers at <a href='mailto:sales@rattanoutdoorfurniture.com'>sales@rattanoutdoorfurniture.com</a>.</p>","Napa Grove Table","Become admired by everyone you know with our brilliant Napa Grove Table ornate in your home. Breathtaking merchandise is exceptional in both quality and price with incredible discounts being offered now."
"Pompano Armchair","<p>Become engrossed in ergonomic seating provide by our striking Pompano Armchair distinguishing the ideal setting for your outdoor haven. Spun polyester cushioning will keep you at ease with our durable yet softly textured Allure fabrics only found through our online store. Using premium construction techniques, our synthetic polyethylene resin is hand woven encompassing our nonferrous aluminum frames, so our exceptional Pompano Armchair is crafted with ultra endurance.  Using the industry&#039;s leading advancements, our products will not chip, peel, crack or develop rust. Throughout the passing of time, your stellar Pompano Armchair will still remain impressive in color and overall appeal.</p><p>The benefits of owning our superior Pompano Armchair is clearly seen in both price and style and that&#039;s because we draw inspiration directly from the requests of our customers. Since the beginning of Rattan Outdoor Furniture, we made a commitment to not only serve you but listen as well. That&#039;s why when ordering our Pompano Armchair you also receive free and quick delivery as well as a 60 day price match guarantee. From promotional discounts to everyday low prices, there is always a reason to purchase our incredible Pompano Armchair.</p><p>How can you begin the purchase of your Pompano Armchair? You can select fabrics and resin right online and complete any order by registering with us today. Contact our friendly and professional staff at <a href='tel:18442728826'>(844) 2-RATTAN</a> for any and all assistance. Send your email inquires to <a href='mailto:sales@rattanoutdoorfurniture.com'>sales@rattanoutdoorfurniture.com</a> and discover all you need to know to successfully buy our unique Pompano Armchair.</p>","Pompano Armchair","Provide trend setting luxury with our impressive Pompano Armchair styled to highlight your patio in sophistication. We list our products at a value to the consumer with factory direct pricing."
"Pompano Bar","<p>Enhance your outdoors with our stunning Pompano Bar featuring your choice of marble or temper glass tabletops. Feel the sturdy reliability of our synthetic resin rattan wrapped firmly around aluminum frames and then take note of our ample storage space found below. Each Pompano Bar is crafted with shelves that will neatly display all of your barware essentials as well as keep them safe as our furniture are always constructed from forward thinking designs that hold well under the most extreme of conditions. Our prime materials have been tested to refrain from blemishes, scratches and sunlight damage. The consensus shows our Pompano Bar is an impressive addition to any patio and is renown as a centerpiece for all outdoor engagements.</p><p>Complete your Pompano Bar order today and we&#039;ll ship your entire out within 24-hours of your purchase. We provide all of our customers with the ease of fast and free shipping and supply unique Pompano Bar sets to homes across all 50 states. Once your delivery has arrived directly to your home, little to no assembly is required, so you can enjoy the pure joy of our exquisite Pompano Bar will provide.</p><p>Contact our sales associates today who will guide you through ordering our Pompano Bar. Simply call our operators at <a href='tel:18442728826'>(844) 2-RATTAN</a>. We also provide quickly accessible email at <a href='mailto:sales@rattanoutdoorfurniture.com'>sales@rattanoutdoorfurniture.com</a>. Rattan Outdoor Furniture wants your Pompano Bar purchase to be as convenient as possible.</p>","Pompano Bar","Open your eyes to our discounted and high-quality Pompano Bar. Adding elegance to your outdoors has never felt so good and with the convenience of quick shipping, you&rsquo;ll enjoy every moment spent with us."
"Pompano Bar Stool","<p>How is our trending Pompano Bar Stool transforming the industry? Enjoy the luxurious slender design of our plush Pompano Bar Stool with subtle earth tones, gentle curves and signature ringed backs. Richly woven textures are carefully crafted with our resin being tightly wrapped around the durability of commercial grade nonferrous aluminum frames. Easily cleaned with just soap and water, our eco-friendly materials eliminate the need for seasonal maintenance. Polyester fibers are infused with color to maintain our Allure fabrics vibrant appearance while also providing sink-in seating. Softly textured upholstery, Indention Load Deflection (ILD) and oversized cushions create remarkable comfort to complete your outdoor oasis. Receive immediate gratification with our unsurpassed Pompano Bar Stool built for style, ease and undeniable strength.</p><p>Order our leading Pompano Bar Stool now and see why our discounts our widely discussed as a recognized value to the consumer. We want our high end Pompano Bar Stool and collections to be enjoyed by the masses so you&#039;ll always discover exclusive savings. Rattan Outdoor Furniture wants you to have quick access to impressive pieces. Combine our breathtaking deals with our free shipping and have your Pompano Bar Stool sent directly to your home today.</p><p>Ask how our in house designer can tailor your unique Pompano Bar Stool to seamlessly blend into your surroundings by contacting us at <a href='tel:18442728826'>(844) 2-RATTAN</a>. Our email is available at <a href='mailto:sales@rattanoutdoorfurniture.com'>sales@rattanoutdoorfurniture.com</a>. See the never ending benefits of our jaw dropping Pompano Bar Stool.</p>","Pompano Bar Stool","Take a step closer to refinement with our Pompano Bar Stool sold at incredible savings and easy online browsing. Affordable convenience are principles we hold dear."
"Pompano Bar Table","<p>Enhance the appeal of your outdoor patio by arranging our spectacular Pompano Bar Table that has been crafted to create an attractive centerpiece while also conveying ultra-durability. Highlight your favorite attributes in your home while enjoying company with family and friends seated around our striking Pompano Bar Table. No more worries about seasonal maintenance or daily wear and tear, as we use the finest materials to guarantee your Pompano Bar Table can remain pulsating even when under the strain of everyday use. Nonferrous aluminum frames are crafted to keep your Pompano Bar Table stable under the most extreme of circumstances and our synthetic resin is precisely woven and tightly intertwined to resist any and all chipping, pealing and the formation blemishes. Our Pompano Bar Table is designed to be arranged and rearranged with ease and will become treasured piece in your home.</p><p>How can you order your Pompano Bar Table today? We make all purchasing stress-free at Rattan Outdoor Furniture and always give you the lowest prices in the industry. As a trusted e-commerce member, we supply the United States with our incredible Pompano Bar Table that is remarkable in style and priced to sell every day. Become awestruck with not only our distinguishing Pompano Bar Table but all of the benefits such as hassle free shipping and our leading warranties.</p><p>You can do all of your shopping online today or call us for assistance at <a href='tel:18442728826'>(844) 2-RATTAN</a>. Address all questions to our prompt response email at <a href='mailto:sales@rattanoutdoorfurniture.com'>sales@rattanoutdoorfurniture.com</a> and inquire further about our amazing Pompano Bar Table.</p>","Pompano Bar Table","Acquire our breathtaking Pompano Bar Table that have the added benefits of affordability, premium craftsmanship and free shipping. Truly embrace your environment with our exceptional products."
"Pompano Chaise Lounger","<p>Recline in premium leisure with our impressive Pompano Chaise Lounger designed with softly textured Allure fabrics and overstuffed cushioning that molds to your body&#039;s form. Our stunning Pompano Chaise Lounger features arms that will support the resting of your hands with our synthetic resin rattan and nonferrous aluminum frames that resist the development of blemishes, weathering and scratches. All year long, you can highlight your outdoors with our plush Pompano Chaise Lounger without the worry of seasonal maintenance normally required on natural rattan. Our company&#039;s commitment to crafting furniture that stands up to the harshest of environments is clearly depicted in every inch of our exceptional Pompano Chaise Lounger.</p><p>Provide your houseguests with our breathtaking Pompano Chaise Lounger and have them guess how much you spent to acquire such luxury. Rattan Outdoor Furniture always prices our products at factory pricing that beats out our competition in quality every time. So take time to pamper yourself on our high end Pompano Chaise Lounger and truly relax knowing our discounts and products are unsurpassed.</p><p>Talk with our in-house designer by dialing, <a href='tel:18442728826'>(844) 2-RATTAN</a> and discuss the specifics of your home to order a Pompano Chaise Lounger that is individualized for your needs. By snapping a picture of your patio completed with the arrangement of our Pompano Chaise Lounger, you could be a featured customer on our Facebook page. Email your photos to <a href='mailto:sales@rattanoutdoorfurniture.com'>sales@rattanoutdoorfurniture.com</a>.</p>","Pompano Chaise Lounger","Decorate your home&#039;s exterior with our company&#039;s Pompano Chaise Lounger designed for pure comfort and enjoyment. Stunning prices are found every day at Rattan Outdoor Furniture as our products are priced to sell."
"Pompano Coffee Table","<p>Add an eye-catching centerpiece to your home with our trending Pompano Coffee Table. Our artisan crafted furniture beautifully blends attractive form and functionality with unmistakable highly sought after commercial grade materials and an old world charm combined with modern elegance. Hand applied polyethylene rattan is meticulously wrapped around exceptional nonferrous aluminum frames. Add a designer&#039;s touch to your outdoors and never worry about your Pompano Coffee Table weathering under the elements. Rain or shine, our Viro resin is infused with the advancement of lasting color pigments that will remain vibrant while resisting sunlight damage that can cause discoloration and fading. Top to bottom, enjoy the everlasting strength of our breathtaking Pompano Coffee Table designed with exquisite angles, sloping legs and the benefit of storage underneath.</p><p>Are you looking for more customizations in our unique Pompano Coffee Table? Take a glance at the top quality of our trend setting Pompano Coffee Table and choose from our selection of tempered glass or marble tops. Both options provide you with lasting beauty and refrain from scratches, stains and other blemishes. At Rattan Outdoor Furniture we provide with premium furnishings that allow for endless possibilities. Open your outdoors to the skillful design of our impeccable Pompano Coffee Table today and it all begins when you register with our online store today.</p><p>Easily receive assistance now with your Pompano Coffee Table when calling our readily available operators at <a href='tel:18442728826'>(844) 2-RATTAN</a>. Ask about tailoring your Pompano Coffee Table by emailing our in house designers at <a href='mailto:sales@rattanoutdoorfurniture.com'>sales@rattanoutdoorfurniture.com</a>.</p>","Pompano Coffee Table","Our valuable Pompano Coffee Table is sold at rock bottom prices every day at Rattan Outdoor Furniture. We specialize in premium furniture crafted with the commercial-grade materials."
"Pompano Corner Modular Bar","<p>Update the classic bar set with our sophisticated Pompano Corner Modular Bar creating a practical solution on how to extend the space of your bar. Build your own configuration and easily add more table top room for prime entertaining all summer long. Subtle tones, sleek angles and rounded corners convey elegance and luxury. Our Pompano Corner Modular Bar will provide you with storage for your bar essentials and is reliable choice with our unsurpassed craftsmanship enabling you to enjoy the inviting ambiance of your outdoors for years past our competition. Nonferrous aluminum frames and eco-friendly, synthetic polyethylene resin is used for commercial grade strength against impending weather conditions and everyday wear and tear on your impressive Pompano Corner Modular Bar. Let us take your home&#039;s aesthetic appeal and resilience to the next level with our trend setting Pompano Corner Modular Bar.</p><p>Choose from the shine of our impeccable tempered glass or smooth marble table tops to accentuate the premium style of our stunning Pompano Corner Modular Bar. We like to offer our customers superior options when purchasing from our easily accessible online store. Order today and discover the convenience of our standard free shipping and delivery with each Pompano Corner Modular Bar order being sent straight to your home.</p><p>Our professional and friendly staff will answer all of your Pompano Corner Modular Bar inquiries at <a href='tel:18442728826'>(844) 2-RATTAN</a>. Email us at <a href='mailto:sales@rattanoutdoorfurniture.com'>sales@rattanoutdoorfurniture.com</a> and receive even more information on our distinctive Pompano Corner Modular Bar.</p>","Pompano Corner Modular Bar","Our distinctive Pompano Corner Modular Bar is ready to ornate your home in a lavish surrender. Search Rattan Outdoor Furniture for premium products sold at incredible deals."
"Pompano Counter Bar Stool","<p>Serenity is always near with innovating Pompano Counter Bar Stool that delivers plush seating and modern sophistication at everyday affordable prices. Our artisans have designed mild curves and delicate details that offer instant comfort and striking charm. The excellent craftsmanship is foremost in the industry for dependable durability on our Pompano Counter Bar Stool handsomely woven to refrain against waning under the elements. Eco-friendly, polyethylene resin is strongly bounded around our leading nonferrous aluminum frames. Each cushion is made with Indentation Load Deflection (ILD) technology and upholstered in outstanding Allure fabrics that repel water damage and color fading. With the use of highly sought after industry materials, our flawless Pompano Counter Bar Stool are effortlessly maintained with little to no upkeep required.</p><p>How can our prominent Pompano Counter Bar Stool be a practical solution for all of your outdoors needs? With their outward styling, the advantage of astonishing Pompano Counter Bar Stool goes past aesthetics and into our notable factory pricing. Divert from the conventional furnishings with our superb Pompano Counter Bar Stool that is affordable to every consumer. Our exclusive savings are always found throughout our online store alongside standard hassle free shipping. Modern sophistication is never far away when you place our extravagant Pompano Counter Bar Stool in your home.</p><p>Keep track of your order by registering with us today and have your questions answered by calling us at <a href='tel:18442728826'>(844) 2-RATTAN</a>. Send all emails to <a href='mailto:sales@rattanoutdoorfurniture.com'>sales@rattanoutdoorfurniture.com</a> and find out more information on the benefits of owning our state of the art Pompano Counter Bar Stool.</p>","Pompano Counter Bar Stool","Become fulfilled with the finer things of life and welcome in the affordability of our Pompano Counter Bar Stool crafted with perfection in mind. Browse our galleries and envision our products in your home."
"Pompano End Table","<p>Boast unmistakable style with our stunning Pompano End Table ornate upon your deck, patio or backyard garden. Staying on trend is simple with Rattan Outdoor Furniture and our fashion forward designs. Our artisans skillfully design our impressive Pompano End Table to convey natural beauty with hand-woven rattan strands being intricately wrapped around our decadent nonferrous aluminum frames crafted for beauty but tailored with impeccable strength. Our timeless Pompano End Table has sleek curves that accentuate your surroundings in unsurpassed elegance and grace. Easily incorporate our striking Pompano End Table into your home and watch as your family, friends and neighbors admire it&#039;s lasting sophistication.</p><p>How does our Pompano End Table stand up everyday use? Each astonishing Pompano End Table is crafted to seamless withstand the wear and tear of the everyday while also remaining durable against unpredictable weather conditions. Whether you select our impressive marble or tempered glass table tops, each will holdup with technological advancements implicated to resist the formation of scratches and blemishes. Overwhelming strength is found in our firmly woven Viro rattan and undeniable beneficial frames. We don&#039;t just sell attractive craftsmanship, we provide you with commercial grade quality.</p><p>Order your impressive Pompano End Table and ask about our free shipping options by emailing our sales team at <a href='mailto:sales@rattanoutdoorfurniture.com'>sales@rattanoutdoorfurniture.com</a>. You can also discover how to customize your unique Pompano End Table by talking with our in house designers at <a href='tel:18442728826'>(844) 2-RATTAN</a>.</p>","Pompano End Table","Distract from the ordinary with our exceptional Pompano End Table and purchase reliability from a trusted ecommerce member. Search our website for inventory clearances and everyday deals."
"Pompano Lounge Chair","<p>Exceptional leisure is found everyday on our distinctive Pompano Lounge Chair. Special attention has been given to every detail of our collection so you always receive premium pieces that are construct with your ultimate comfort in mind. Our jaw dropping Pompano Lounge Chair&#039;s recognized stylish appeal has been recognized across the nation in not just residential homes but in five star hotels and resorts. However our naturally pleasing aesthetics are just the start as we craft our breathtaking Pompano Lounge Chair with industry leading materials such as our nonferrous aluminum frames, synthetic polyethylene resin rattan and our exclusive water resistant Allure fabrics. Durability comes standard with every Pompano Lounge Chair that has been tested to prove longevity and comfort.</p><p>Capture the essence of refinement on your patio with our stunning Pompano Lounge Chair fully in stock and ready to be delivered directly to your home today. Rattan Outdoor Furniture has retained it&#039;s reliable reputation as a trusted ecommerce member, and we are pleasing consumers across the globe with our premium Pompano Lounge Chair. Order online and select chromatic colors from our online swatch book to tailor your unique Pompano Lounge Chair to coordinate with your natural surroundings.</p><p>Email us for prompt responses any time of day at <a href='mailto:sales@rattanoutdoorfurniture.com'>sales@rattanoutdoorfurniture.com</a>. Need help with your online order? Call our representatives at <a href='tel:18442728826'>(844) 2-RATTAN</a> for all Pompano Lounge Chair assistance.</p>","Pompano Lounge Chair","Our striking Pompano Lounge Chair will impress even your toughest critic as you emphasize the finer things of life. We specialize in exclusive products priced comparable to inventory clearances."
"Pompano Loveseat ","<p>Our exceptional Pompano Loveseat displays quality at its finest with sloping angles, spun polyester cushioning designed with Indentation Load Deflection (ILD) and innovating advancements to achieve excellent sustainability and versatility. Crafting our Pompano Loveseat with thick gauge nonferrous aluminum frames means we have illuminated the possibility of rust ever forming. Hand weaving synthetic polyethylene into and firmly wrapping our resin around each frame, enables your exquisite Pompano Loveseat from succumbing to the seasonal elements or developing cracks and splits. Water resistant Allure fabrics are infused with rich color of your choosing with options available through our online swatch book. Our sculpted backs will conform to your body&#039;s movement for plush comfort only found on our exclusive Pompano Loveseat.</p><p>The gorgeous craftsmanship seen on our Pompano Loveseat is uncompromising just like our discount rates. Make our stunning Pompano Loveseat the focal point of style in your home and complete your order today by registering with online. Once your purchase is complete, we will ship your Pompano Loveseat to the location of your choice free of charge. Become a value customer and see how we not only provide you with uncompromising benefits but with the assurance of everyday low prices.</p><p>Allow our qualified operators assist you every step of the way by contacting us at <a href='tel:18442728826'>(844) 2-RATTAN</a>. Ask for further details about our amazing Pompano Loveseat by emailing our associates at <a href='mailto:sales@rattanoutdoorfurniture.com'>sales@rattanoutdoorfurniture.com</a>.</p>","Pompano Loveseat ","Buy our Pompano Loveseat through Rattan Outdoor Furniture to receive exclusive factory direct discounts alongside fast and free shipping. We are a trusted e-commerce member with a well respected reputation."
"Pompano Ottoman","<p>Pleasure in the cutting edge design of our jaw dropping Pompano Ottoman crafted with sleek sides, plush cushioning and lightweight frames for easy placement. Without the use of heavy metals and instead using nonferrous aluminum and Viro rattan resin, you&#039;ll see our impressive Pompano Ottoman is also low in maintenance. Gorgeous fabric choices are available through our online swatch book were you&#039;ll be able to tailor each piece to perfectly accentuate your individual sense of style. Invite life onto your patio and revel in the ultimate comfort of our Allure fabrics, soft and texture but unmatched in durability with UV protection and water resistance sewn into its every fiber. Captivate with each Pompano Ottoman infused with rich color and designed to maintain the relaxing ambiance of your carefree oasis.</p><p>We believe in achieving excellence not just in our exceptional Pompano Ottoman&#039;s craftsmanship but in its price as well. We offer factory pricing on entire collections and when you include our standard free shipping, you will see why our customer satisfaction rating is at an all time high. Make Rattan Outdoor Furniture the cornerstone of your outdoors with the arrangement of our exquisite Pompano Ottoman and our other finely crafted selection.</p><p>Do you have questions on our Pompano Ottoman? We have answers at <a href='tel:18442728826'>(844) 2-RATTAN</a>. Email your Pompano Ottoman inquires to <a href='mailto:sales@rattanoutdoorfurniture.com'>sales@rattanoutdoorfurniture.com</a> and we will promptly respond every time.</p>","Pompano Ottoman","Exclusive savings are found on our Pompano Ottoman made with satisfaction guaranteed. Receive more than you spend on your high-quality furniture collections with prices that continue to lead the market in value."
"Pompano Sofa","<p>Highlight breathtaking displays on your patio with our finest Pompano Sofa crafted with intricately shaped legs, sloping arms and sculpted backs. Capture the essence of refinement with naturally rust resistant frames, spun polyester upholstery and Indentation Load Deflection (ILD) cushioning designed to contour to your body&#039;s movement. Using technological advancements, our striking Pompano Sofa will withstand the toughest of environment and continue to thrive for everyday use. Less maintenance is required on our Pompano Sofa because we craft each piece with synthetic polyethylene that has the natural appearance of rattan without seasonal upkeep. Allure fabrics sustain their vibrant colors and will not fade in the sun, so from head to toe, your stunning Pompano Sofa is protection 100% against the elements.</p><p>Become amazed at our decadent craftsmanship found on our impressive Pompano Sofa and save yourself from the symptoms of sticker shock because we price our collections at discounted rates. Register with us online today and begin your order to receive our Pompano Sofa sent directly to your home with little to no assembly required. The assurance of factory pricing and the convenience of our easily accessible purchasing, make Rattan Outdoor Furniture a trusted ecommerce member.</p><p>Contact our highly trained associated who are ready to start you on your way to owning a gorgeous Pompano Sofa at <a href='tel:18442728826'>(844) 2-RATTAN</a>. Your questions are also quickly addressed when inquiring at <a href='mailto:sales@rattanoutdoorfurniture.com'>sales@rattanoutdoorfurniture.com</a>.</p>","Pompano Sofa","Our exciting Pompano Sofa can accentuate your home in stunning appeal and striking chromatic colors. Premium merchandise is always listed below retail value and is shipped free of charge directly to your house."
"Pompano Swivel Bar Stool","<p>Share the wealth and benefits of our distinctive Pompano Swivel Bar Stool in your home today and become admired by all of your friends and family. We list our products at wholesale prices so you can afford our high-end Pompano Swivel Bar Stool at an extreme discount only offered at Rattan Outdoor Furniture. Exceptional customer service means we&#039;ll always ship our Pompano Swivel Bar Stool directly to the location of your choice with little to no assembly required. We want the value of our trending collections and our breathtaking Pompano Swivel Bar Stool to be enjoyed in residential areas, commercial businesses and hospitality outlets alike, so we always give you the same low price no matter how big or small the size of your order may be.</p><p>Take pleasure in the comfortable design of our luxurious Pompano Swivel Bar Stool with brilliant earth tones, slender curves and signature contoured backs. Exquisitely tightly woven weaves are carefully constructed with our synthetic wicker and rattan being intricately wrapped around the everlasting endurance of top grade nonferrous aluminum frames. Our unique Pompano Swivel Bar Stool is easily cleaned with a simple mixture of soap and water. Color infused polyester fibers maintain our Allure fabrics vibrant appearance year round while also supplying plush seating. Our Pompano Swivel Bar Stool our renowned for their soft upholstery, Indention Load Deflection (ILD) and sink-in cushions to create remarkable seating arrangements completing any outdoor haven.</p><p>Contact us at <a href='tel:18442728826'>(844) 2-RATTAN</a>. Our email is available at <a href='mailto:sales@rattanoutdoorfurniture.com'>sales@rattanoutdoorfurniture.com</a>. Allow our Pompano Swivel Bar Stool to transform your life.</p>","Pompano Swivel Bar Stool","Attain an awe-inspiring Pompano Swivel Bar Stool from a trusted ecommerce company that offers impressive high-end outdoor furniture at prices that are not promotional."
"Pompano Swivel Rocker ","<p>Are you ready to embody a life of luxury with our fresh and modern Pompano Swivel Rocker? Holdfast to your commitment to trend setting sophistication while at the same time, maintaining within your budget. Our Pompano Swivel Rocker is priced to sell everyday at prices that are exceptionally low. You&#039;ll not only fall in love with our innovating designs but the pure satisfaction of discounts that are normally reserved for inventory clearance sales. Recreation can be found on your patio, lanai or deck today with our fast and free shipping available with the order of your Pompano Swivel Rocker.</p><p>See your friends and family respond the sleek and comforting styling of our striking Pompano Swivel Rocker that allows you to lean to and fro with the support of our Indentation Load Deflection (ILD) cushions. Exclusive Allure fabrics are softly textured yet durable against the toughest of weather conditions. Supported by nonferrous aluminum frames and 100% hand woven synthetic resin, our Pompano Swivel Rocker will not corrode and resists the development of scratches and other blemishes. It&#039;s easy to become another satisfied customer when purchasing our Pompano Swivel Rocker from our easily accessible online store now.</p><p>Send pictures your Pompano Swivel Rocker ornate in your home to our email at <a href='mailto:sales@rattanoutdoorfurniture.com'>sales@rattanoutdoorfurniture.com</a> and you could be featured as a valued customer on our Facebook page. Ask for help with Pompano Swivel Rocker order at <a href='tel:18442728826'>(844) 2-RATTAN</a>.</p>","Pompano Swivel Rocker ","Find benefits with every purchase of our impressive Pompano Swivel Rocker crafted for luxury but priced for the nation&#039;s everyday homeowner. Our company is a leading e-commerce member."
"Utopia Armchair","<p>Emphasize your contemporary style with our premium Utopia Armchair woven with a modern open weave that will instantly catch the eye of your friends and family. This very popular collection has taken a fresh look on classic designs with subtly tapered legs, high backs, sharply angled curves and ample seating room. Fully weatherproof, we use industry grade materials to keep our Utopia Armchair sustainable in even the harshest of conditions. Starting with nonferrous aluminum frames, each synthetic resin strand is tightly wrapped to remain versatile and will not chip, peel or scratch. Thick cushioning is upholstered in the ultimate polyester fibers used in the creation of our Utopia Armchair with Allure fabrics that inhibit the formation of mold, mildew, water damage and sunlight discoloration.</p><p>Arrange endless display of sophistication with our stunning Utopia Armchair that is always listed at a discounted price when purchasing through Rattan Outdoor Furniture&#039;s online store. See how ordering our high end Utopia Armchair does not mean you have to pay outrageous prices. We make owning luxury affordable everyday and even provide you with standard free shipping on the purchase of our exclusive Utopia Armchair. Across the United States, the distinct design of our Utopia Armchair is being sought after for residential and commercial use. Find out what your home is missing now by calling our well diverse operators who will take all of your questions at <a href='tel:18442728826'>(844) 2-RATTAN</a>. Address your every need online by emailing us about our the details of our unsurpassed Utopia Armchair at <a href='mailto:sales@rattanoutdoorfurniture.com'>sales@rattanoutdoorfurniture.com</a>.</p>","Utopia Armchair","Benefit from the ever impressive Utopia Armchair that is high in quality and luxury. Purchase products from Rattan Outdoor Furniture to receive the beneficial service of free shipping and factory direct prices."
"Utopia Coffee Table","<p>Our linear and sophisticated Utopia Coffee Table is a true innovation on the furniture market with sleek designs that will enhance any atmosphere. With a stylish form, dependable structure and clean lines, our breathtaking Utopia Coffee Table is a sight to behold as they are made from the industry&#039;s most sought after materials. We begin with the welding of our specialized nonferrous aluminum frames that are naturally rustproof and then wrap our leading synthetic resin rattan that is both durable and eco-friendly. Offer the casual elegance you&#039;ve been searching for with the option of a tempered glass or marble topped Utopia Coffee Table. Each top inhibits scratches, blemishes and stains. Throughout your everyday use, our impeccable Utopia Coffee Table will remain a dependable addition to your porch or patio.</p><p>How can you begin your Utopia Coffee Table order now? It all starts by browsing our well depicted galleries that provide you with details and high definition pictures so you can envision how our distinct Utopia Coffee Table will accentuate your home. All of our products are listed below retail value so you can always save when purchasing our jaw dropping Utopia Coffee Table. Proudly convey the trending designs of our stunning Utopia Coffee Tables and never pay full price.</p><p>Need help completing the order for your unique Utopia Coffee Table? Call our incredible sales staff at <a href='tel:18442728826'>(844) 2-RATTAN</a>. Our email is available all the time at <a href='mailto:sales@rattanoutdoorfurniture.com'>sales@rattanoutdoorfurniture.com</a>.</p>","Utopia Coffee Table","Decorate your home with the impressive appeal of our Utopia Coffee Table. We specialize in factory direct savings as well as exceptional customer service and high-quality products."
"Utopia Sofa","<p>Decorate your outdoors in premium luxury with our breathtaking Utopia Sofa designed with modern upscale wide weaves, sleeking backs, subtle angles and worry free craftsmanship. Don&#039;t just add furniture to your patio, add high style and class because our trendy Utopia Sofa is innovating a market and has a reputation for stability and longevity. Sculpted from welded nonferrous aluminum frames and impeccably woven polyethylene resin, makes deep seating even more comfortable. Our bolstered cushions will mold to your body&#039;s movements and provide soft textured solace in any environment. Even when left out in the elements, our impressive Utopia Sofa will sustain their fresh appeal without the worry of scratches, discoloration, or fading. Super high quality materials enable Rattan Outdoor Furniture to gain a trusted ranking in the e-commerce market.</p><p>How can you address your home&#039;s every need with our affordable Utopias Sofa?</p><p>Our company specializes in not only innovating Utopia Sofa but jaw dropping discounts offered throughout our easily accessible online store. Save on your entire order with just a single click and become another satisfied customer. Our Utopia Sofa is sold at factory pricing that will leave an everlasting impression in your home.</p><p>Reliability is not just found on our exquisite Utopia Sofa, it is also found in our customer service that can easily be reached at <a href='tel:18442728826'>(844) 2-RATTAN</a>. All emails are easily addressed to <a href='mailto:sales@rattanoutdoorfurniture.com'>sales@rattanoutdoorfurniture.com</a> where we will quickly respond to your Utopia Sofa needs.</p>","Utopia Sofa","Our distinctive Utopia Sofa is being recognized as undeniably trendy and affordable to the everyday consumer. Shop with us and always see discounted prices on premium products."
