store,categories
default,Products/Accessories 
default,Products/Adirondack Furniture
default,Products/Affordable Furniture
default,Products/Affordable Outdoor Furniture
default,Products/Affordable Patio Furniture
default,Products/All-Weather
default,Products/All-Weather Fabrics
default,Products/All-Weather Furniture
default,Products/All-Weather Outdoor Fabrics
default,Products/All-Weather Outdoor Patio Furniture
default,Products/All-Weather Resin
default,Products/Balcony Furniture
default,Products/Bar Furniture
default,Products/Buy Furniture Online
default,Products/Cabin Furniture
default,Products/Cheap Furniture
default,Products/Cheap Outdoor Furniture
default,Products/Cheap Patio Furniture
default,Products/Cheap Patio Furniture Sets
default,Products/Circular Seating
default,Products/Coastal Furniture
default,Products/Coastal Living Furniture
default,Products/Contemporary Furniture
default,Products/Cottage Furniture
default,Products/Deck Chairs
default,Products/Deck Furniture
default,Products/Deep Seating
default,Products/Discount Furniture
default,Products/Discount Outdoor Furniture
default,Products/Discount Patio Furniture
default,Products/Discount Sofas
default,Products/Essentials
default,Products/Faux Rattan
default,Products/Faux Wicker
default,Products/Fine Furniture
default,Products/Furniture
default,Products/Furniture Clearance
default,Products/Furniture Collections
default,Products/Furniture Covers
default,Products/Furniture Direct
default,Products/Furniture for Sale
default,Products/Furniture Manufacturers
default,Products/Furniture Online
default,Products/Furniture Outlet
default,Products/Furniture Retailers
default,Products/Furniture Sales
default,Products/Furniture Set of 4
default,Products/Furniture Set of 6
default,Products/Furniture Set of 8
default,Products/Furniture Sets
default,Products/Furniture Store
default,Products/Furniture Warehouse
default,Products/Furniture World
default,Products/Garden Furniture
default,Products/Inexpensive Furniture
default,Products/Lawn & Garden
default,Products/Lawn Furniture
default,Products/Lounge Furniture
default,Products/Luxury Outdoor Furniture
default,Products/Modern Furniture
default,Products/Modern Outdoor Furniture
default,Products/Modern Patio Furniture
default,Products/Modern Sofas
default,Products/Modular Furniture
default,Products/Modular Seating
default,Products/Nautical Furniture
default,Products/Occasional
default,Products/Outdoor Balcony Furniture
default,Products/Outdoor Balcony Patio Sets
default,Products/Outdoor Essentials
default,Products/Outdoor Furniture
default,Products/Outdoor Furniture Clearance
default,Products/Outdoor Furniture Collections
default,Products/Outdoor Furniture Retailers
default,Products/Outdoor Living
default,Products/Outdoor Modular Furniture
default,Products/Outdoor Patio Furniture
default,Products/Outdoor Patio Furniture Collections
default,Products/Outdoor Patio Furniture Covers
default,Products/Outdoor Patio Furniture for Sale
default,Products/Outdoor Patio Furniture Manufacturers
default,Products/Outdoor Patio Furniture Sets
default,Products/Outdoor Patio Storage
default,Products/Outdoor Patio Wholesale Furniture
default,Products/Outdoor Patio Woven Furniture
default,Products/Outdoor Seating
default,Products/Outdoor Tables and Bases
default,Products/Outdoor Two Seater
default,Products/Outside Furniture
default,Products/Outside Patio Furniture
default,Products/Patio Furniture
default,Products/Patio Furniture Clearance
default,Products/Patio Sets
default,Products/Pool Furniture
default,Products/Porch Furniture
default,Products/Ratan Outdoor Furniture
default,Products/Rattan Sunroom
default,Products/Recycled Plastic
default,Products/Resin Rattan
default,Products/Resort Collections
default,Products/Seating
default,Products/Shabby Chic Furniture
default,Products/Sunroom Furniture
default,Products/Synthetic Rattan Outdoor Furniture
default,Products/Tables and Bases
default,Products/Traditional Outdoor Furniture
default,Products/Transitional Outdoor Furntiure
default,Products/Two Seater
default,Products/Wholesale Furniture
default,Products/Woven Furniture
default,Products/Woven Rattan
default,Products/Woven Vinyl
default,Products/Woven Wicker