sku,_store,_attribute_set,_type,_category,_root_category,_product_websites,cost,country_of_manufacture,created_at,custom_design,custom_design_from,custom_design_to,custom_layout_update,default_configuration_id,description,fabric,frame,gallery,gift_message_available,has_options,image,image_label,manufacturer,media_gallery,meta_description,meta_keyword,meta_title,minimal_price,msrp,msrp_display_actual_price_type,msrp_enabled,name,news_from_date,news_to_date,options_container,page_layout,parent_url_key,price,rattan,required_options,short_description,small_image,small_image_label,special_from_date,special_price,special_to_date,status,tabletop,tax_class_id,thumbnail,thumbnail_label,updated_at,url_key,url_path,visibility,weight,qty,min_qty,use_config_min_qty,is_qty_decimal,backorders,use_config_backorders,min_sale_qty,use_config_min_sale_qty,max_sale_qty,use_config_max_sale_qty,is_in_stock,notify_stock_qty,use_config_notify_stock_qty,manage_stock,use_config_manage_stock,stock_status_changed_auto,use_config_qty_increments,qty_increments,use_config_enable_qty_inc,enable_qty_increments,is_decimal_divided,_links_related_sku,_links_related_position,_links_crosssell_sku,_links_crosssell_position,_links_upsell_sku,_links_upsell_position,_associated_sku,_associated_default_qty,_associated_position,_tier_price_website,_tier_price_customer_group,_tier_price_qty,_tier_price_price,_group_price_website,_group_price_customer_group,_group_price_price,_media_attribute_id,_media_image,_media_lable,_media_position,_media_is_disabled
BRT879292,,[Frame][Rattan][Fabric][TableTop],simple,Products/Deck Furniture,Default Category,base,,,12/12/2014 20:29:31,,,,,,"<p>Are you hoping to add to your current sectional with our dynamic Brighton Sectional Corner Piece? Provide even more comfort in your home&#039;s patio with the addition of our modular Brighton Sectional Corner Piece that will perfectly coordinate with your existing decor. Using nonferrous aluminum frames and synthetic wicker and rattan resin, your Brighton Sectional Corner Piece is sure to bring years of joy without the worry of sun damage, rust or the formation of blemishes. Sink into our Indentation Load Deflection (ILD) cushions that are found in a variety of vibrant colors with our line of impressive Allure fabrics. Don&#039;t limit your home to just a few pieces and bring even more luxury to your surroundings with our amazing Brighton Sectional Corner Piece ready to be shipped to you free of charge today.</p><p>We keep the pricing of our trendy Brighton Sectional Corner Piece at a minimum wholesale discount, so there&#039;s no need to worry about over inflated prices. With Rattan Outdoor Furniture your wicker and rattan needs are taken care of and the purchasing of our striking Brighton Sectional Corner Piece is just a click away. Order today off our online shop and we&#039;ll ship your completed Brighton Sectional Corner Piece purchase directly to your home via our quick and convenient shipping options. Contact our in-house designers to perfectly synchronize your Brighton Sectional Corner Piece with your existing patio furnishings by calling us at <a href='tel:18442728826'>(844) 2-RATTAN</a>. Email all of your Brighton Sectional Corner Piece inquiries to <a href='mailto:sales@rattanoutdoorfurniture.com'>sales@rattanoutdoorfurniture.com</a>.</p>",795R2C2,Natural Wood,,0,0,/b/r/brighton-sectional-corner-front-angle-cushion_1.jpg,Brighton Sectional Corner Piece - Front Angle with Cushions,,,Relax in the comfort of the beach with our breathtaking Brighton Sectional Corner Piece that has stunning appeal and listed at jaw dropping discounts.,Brighton Sectional Modular Corner Piece,Brighton Sectional Corner Piece,,485.99,Use config,Use config,Brighton Sectional Corner Piece,,,Block after Info Column,,collections/brighton,404.99,CC2 5mm Round,0,The Brighton Collection,/b/r/brighton-sectional-corner-front-angle-cushion_1.jpg,Brighton Sectional Corner Piece - Front Angle with Cushions,,,,1,,2,/b/r/brighton-sectional-corner-front-angle-cushion_1.jpg,Brighton Sectional Corner Piece - Front Angle with Cushions,12/12/2014 23:18:19,sectional-corner-piece,sectional-corner-piece,4,100,100,0,1,0,0,1,1,1,0,1,1,0,1,0,1,0,1,0,1,0,0,,,,,,,,,,,,,,,,,88,/b/r/brighton-sectional-corner-front-angle-cushion_1.jpg,Brighton Sectional Corner Piece - Front Angle with Cushions,1,1
,,,,Products/Modern Wicker Furniture,Default Category,,,,,,,,,,,,,,,,,,,,,,,,,,,,,,,,,,,,,,,,,,,,,,,,,,,,,,,,,,,,,,,,,,,,,,,,,,,,,,,,,,,,,,,,,88,/b/r/brighton-sectional-corner-back-angle_1.jpg,Back Corner - Brighton Sectional Corner Piece,4,0
,,,,Products/Modular Furniture,Default Category,,,,,,,,,,,,,,,,,,,,,,,,,,,,,,,,,,,,,,,,,,,,,,,,,,,,,,,,,,,,,,,,,,,,,,,,,,,,,,,,,,,,,,,,,88,/b/r/brighton-sectional-corner-side_1.jpg,Side View - Brighton Sectional Corner Piece,3,0
,,,,Products/Outdoor Furniture,Default Category,,,,,,,,,,,,,,,,,,,,,,,,,,,,,,,,,,,,,,,,,,,,,,,,,,,,,,,,,,,,,,,,,,,,,,,,,,,,,,,,,,,,,,,,,88,/b/r/brighton-sectional-corner-front-angle_1.jpg,Front Angle without Cushions - Brighton Sectional Corner Piece,2,0
,,,,Products/Outdoor Patio Furniture,Default Category,,,,,,,,,,,,,,,,,,,,,,,,,,,,,,,,,,,,,,,,,,,,,,,,,,,,,,,,,,,,,,,,,,,,,,,,,,,,,,,,,,,,,,,,,,,,,
,,,,Products/Patio Furniture,Default Category,,,,,,,,,,,,,,,,,,,,,,,,,,,,,,,,,,,,,,,,,,,,,,,,,,,,,,,,,,,,,,,,,,,,,,,,,,,,,,,,,,,,,,,,,,,,,
,,,,Products/Patio Wicker Furniture,Default Category,,,,,,,,,,,,,,,,,,,,,,,,,,,,,,,,,,,,,,,,,,,,,,,,,,,,,,,,,,,,,,,,,,,,,,,,,,,,,,,,,,,,,,,,,,,,,
,,,,Products/Pool Furniture,Default Category,,,,,,,,,,,,,,,,,,,,,,,,,,,,,,,,,,,,,,,,,,,,,,,,,,,,,,,,,,,,,,,,,,,,,,,,,,,,,,,,,,,,,,,,,,,,,
,,,,Products/Ratan Outdoor Furniture,Default Category,,,,,,,,,,,,,,,,,,,,,,,,,,,,,,,,,,,,,,,,,,,,,,,,,,,,,,,,,,,,,,,,,,,,,,,,,,,,,,,,,,,,,,,,,,,,,
,,,,Products/Seating,Default Category,,,,,,,,,,,,,,,,,,,,,,,,,,,,,,,,,,,,,,,,,,,,,,,,,,,,,,,,,,,,,,,,,,,,,,,,,,,,,,,,,,,,,,,,,,,,,
,,,,Products/Sectionals,Default Category,,,,,,,,,,,,,,,,,,,,,,,,,,,,,,,,,,,,,,,,,,,,,,,,,,,,,,,,,,,,,,,,,,,,,,,,,,,,,,,,,,,,,,,,,,,,,
,,,,Products/Sunroom Furniture,Default Category,,,,,,,,,,,,,,,,,,,,,,,,,,,,,,,,,,,,,,,,,,,,,,,,,,,,,,,,,,,,,,,,,,,,,,,,,,,,,,,,,,,,,,,,,,,,,
,,,,Products/Wicker Deck Furniture,Default Category,,,,,,,,,,,,,,,,,,,,,,,,,,,,,,,,,,,,,,,,,,,,,,,,,,,,,,,,,,,,,,,,,,,,,,,,,,,,,,,,,,,,,,,,,,,,,
,,,,Products/Wicker Furniture,Default Category,,,,,,,,,,,,,,,,,,,,,,,,,,,,,,,,,,,,,,,,,,,,,,,,,,,,,,,,,,,,,,,,,,,,,,,,,,,,,,,,,,,,,,,,,,,,,
,,,,Products/Wicker Outdoor Furniture,Default Category,,,,,,,,,,,,,,,,,,,,,,,,,,,,,,,,,,,,,,,,,,,,,,,,,,,,,,,,,,,,,,,,,,,,,,,,,,,,,,,,,,,,,,,,,,,,,
,,,,Products/Wicker Outdoor Patio Furniture,Default Category,,,,,,,,,,,,,,,,,,,,,,,,,,,,,,,,,,,,,,,,,,,,,,,,,,,,,,,,,,,,,,,,,,,,,,,,,,,,,,,,,,,,,,,,,,,,,
,,,,Products/Wicker Patio Furniture,Default Category,,,,,,,,,,,,,,,,,,,,,,,,,,,,,,,,,,,,,,,,,,,,,,,,,,,,,,,,,,,,,,,,,,,,,,,,,,,,,,,,,,,,,,,,,,,,,
,,,,Products/Wicker Patio Furniture Sale,Default Category,,,,,,,,,,,,,,,,,,,,,,,,,,,,,,,,,,,,,,,,,,,,,,,,,,,,,,,,,,,,,,,,,,,,,,,,,,,,,,,,,,,,,,,,,,,,,
,,,,Products/Wicker Seating,Default Category,,,,,,,,,,,,,,,,,,,,,,,,,,,,,,,,,,,,,,,,,,,,,,,,,,,,,,,,,,,,,,,,,,,,,,,,,,,,,,,,,,,,,,,,,,,,,
,,,,Products/Wicker Sectionals,Default Category,,,,,,,,,,,,,,,,,,,,,,,,,,,,,,,,,,,,,,,,,,,,,,,,,,,,,,,,,,,,,,,,,,,,,,,,,,,,,,,,,,,,,,,,,,,,,
,,,,Products/Modular Furniture/7 Piece Modular Sectional,Default Category,,,,,,,,,,,,,,,,,,,,,,,,,,,,,,,,,,,,,,,,,,,,,,,,,,,,,,,,,,,,,,,,,,,,,,,,,,,,,,,,,,,,,,,,,,,,,
,,,,Products/Outdoor Patio Furniture/Outdoor Patio Sectionals,Default Category,,,,,,,,,,,,,,,,,,,,,,,,,,,,,,,,,,,,,,,,,,,,,,,,,,,,,,,,,,,,,,,,,,,,,,,,,,,,,,,,,,,,,,,,,,,,,
,,,,Products/Outdoor Furniture/Outdoor Sectional Pieces,Default Category,,,,,,,,,,,,,,,,,,,,,,,,,,,,,,,,,,,,,,,,,,,,,,,,,,,,,,,,,,,,,,,,,,,,,,,,,,,,,,,,,,,,,,,,,,,,,
,,,,Products/Ratan Outdoor Furniture/Ratan Sectionals,Default Category,,,,,,,,,,,,,,,,,,,,,,,,,,,,,,,,,,,,,,,,,,,,,,,,,,,,,,,,,,,,,,,,,,,,,,,,,,,,,,,,,,,,,,,,,,,,,
,,,,Products/Sectionals/Sectional,Default Category,,,,,,,,,,,,,,,,,,,,,,,,,,,,,,,,,,,,,,,,,,,,,,,,,,,,,,,,,,,,,,,,,,,,,,,,,,,,,,,,,,,,,,,,,,,,,
,,,,Products/Wicker Sectionals/Wicker 3 Piece Sectional,Default Category,,,,,,,,,,,,,,,,,,,,,,,,,,,,,,,,,,,,,,,,,,,,,,,,,,,,,,,,,,,,,,,,,,,,,,,,,,,,,,,,,,,,,,,,,,,,,
,,,,Products/Wicker Sectionals/Wicker 4 Piece Sectional,Default Category,,,,,,,,,,,,,,,,,,,,,,,,,,,,,,,,,,,,,,,,,,,,,,,,,,,,,,,,,,,,,,,,,,,,,,,,,,,,,,,,,,,,,,,,,,,,,
,,,,Products/Wicker Sectionals/Wicker 5 Piece Sectional,Default Category,,,,,,,,,,,,,,,,,,,,,,,,,,,,,,,,,,,,,,,,,,,,,,,,,,,,,,,,,,,,,,,,,,,,,,,,,,,,,,,,,,,,,,,,,,,,,
,,,,Products/Wicker Sectionals/Wicker 6 Piece Sectional,Default Category,,,,,,,,,,,,,,,,,,,,,,,,,,,,,,,,,,,,,,,,,,,,,,,,,,,,,,,,,,,,,,,,,,,,,,,,,,,,,,,,,,,,,,,,,,,,,
,,,,Products/Wicker Furniture Sets/Wicker 7 Piece Modular Sectional,Default Category,,,,,,,,,,,,,,,,,,,,,,,,,,,,,,,,,,,,,,,,,,,,,,,,,,,,,,,,,,,,,,,,,,,,,,,,,,,,,,,,,,,,,,,,,,,,,
,,,,Products/Wicker Furniture Sets/Wicker 9 Piece Modular Sectional,Default Category,,,,,,,,,,,,,,,,,,,,,,,,,,,,,,,,,,,,,,,,,,,,,,,,,,,,,,,,,,,,,,,,,,,,,,,,,,,,,,,,,,,,,,,,,,,,,
,,,,Products/Wicker Sectionals/Wicker Sectional,Default Category,,,,,,,,,,,,,,,,,,,,,,,,,,,,,,,,,,,,,,,,,,,,,,,,,,,,,,,,,,,,,,,,,,,,,,,,,,,,,,,,,,,,,,,,,,,,,
,,,,Products/Furniture Collections/The Brighton Collection,Default Category,,,,,,,,,,,,,,,,,,,,,,,,,,,,,,,,,,,,,,,,,,,,,,,,,,,,,,,,,,,,,,,,,,,,,,,,,,,,,,,,,,,,,,,,,,,,,
BRT879308,,[Frame][Rattan][Fabric][TableTop],simple,Products/Deck Furniture,Default Category,base,,,12/12/2014 20:29:31,,,,,,"<p>Make your sectional even more accommodating with the addition of another Brighton Sectional Middle Piece. Order modular pieces for your patio and expand the variation of arrangements your sectional can configure into. Allow even more space for your guests to relax on and enjoy the company of those around them. Each exceptional Brighton Sectional Middle Piece is made from the prime materials used on all of our renown rattan products. Nonferrous aluminum frames have been welded to perfection and support the intricate wrapping of polyethylene wicker strands. By using Allure fabrics, your cushions will resist from fading in the sun or absorbing moisture in the rain. For conditions of all kinds, our stunning Brighton Sectional Middle Piece is sure to bring years of joy for your home.</p><p>How do we keep our customers coming back to purchase our modular Brighton Sectional Middle Piece? By providing long-lasting wicker and rattan merchandise as well as excellent customer service, choosing to purchase your prominent Brighton Sectional Middle Piece from Rattan Outdoor Furniture is the easiest choice you&#039;ve made all day. When shopping with us, you&#039;ll never again overpay for your affordable and high-end Brighton Sectional Middle Piece. Contact our representatives for even more information at <a href='tel:18442728826'>(844) 2-RATTAN</a>. Email our in-house designers today at <a href='mailto:sales@rattanoutdoorfurniture.com'>sales@rattanoutdoorfurniture.com</a> and allow us to seamlessly blend our brilliant Brighton Sectional Middle Piece to your home&#039;s unique decor.</p>",795R2C1,Natural Wood,,0,0,/b/r/brighton-sectional-middle-front-angle-cushion_1.jpg,Brighton Sectional Middle Piece - Front Angle with Cushion,,,"At Rattan Outdoor Furniture, our unique wicker Brighton Sectional Middle Piece is combined with breathtakingly low prices and every day free shipping.",Brighton Modular Sectional Middle Piece,Brighton Sectional Middle Piece,,379.99,Use config,Use config,Brighton Sectional Middle Piece,,,Block after Info Column,,collections/brighton,311.49,CC2 5mm Round,0,The Brighton Collection,/b/r/brighton-sectional-middle-front-angle-cushion_1.jpg,Brighton Sectional Middle Piece - Front Angle with Cushion,,,,1,,2,/b/r/brighton-sectional-middle-front-angle-cushion_1.jpg,Brighton Sectional Middle Piece - Front Angle with Cushion,12/12/2014 23:17:10,sectional-middle-piece,sectional-middle-piece,4,100,100,0,1,0,0,1,1,1,0,1,1,0,1,0,1,0,1,0,1,0,0,,,,,,,,,,,,,,,,,88,/b/r/brighton-sectional-middle-front-angle-cushion_1.jpg,Brighton Sectional Middle Piece - Front Angle with Cushion,1,1
,,,,Products/Modern Wicker Furniture,Default Category,,,,,,,,,,,,,,,,,,,,,,,,,,,,,,,,,,,,,,,,,,,,,,,,,,,,,,,,,,,,,,,,,,,,,,,,,,,,,,,,,,,,,,,,,88,/b/r/brighton-sectional-middle-back-angle_1.jpg,Back Corner without Cushion - Brighton Sectional Middle Piece,4,0
,,,,Products/Modular Furniture,Default Category,,,,,,,,,,,,,,,,,,,,,,,,,,,,,,,,,,,,,,,,,,,,,,,,,,,,,,,,,,,,,,,,,,,,,,,,,,,,,,,,,,,,,,,,,88,/b/r/brighton-sectional-middle-side_1.jpg,Side without Cushion - Brighton Sectional Middle Piece,3,0
,,,,Products/Outdoor Furniture,Default Category,,,,,,,,,,,,,,,,,,,,,,,,,,,,,,,,,,,,,,,,,,,,,,,,,,,,,,,,,,,,,,,,,,,,,,,,,,,,,,,,,,,,,,,,,88,/b/r/brighton-sectional-middle-front-angle_1.jpg,Front Angle without Cushion - Brighton Sectional Middle Piece,2,0
,,,,Products/Outdoor Patio Furniture,Default Category,,,,,,,,,,,,,,,,,,,,,,,,,,,,,,,,,,,,,,,,,,,,,,,,,,,,,,,,,,,,,,,,,,,,,,,,,,,,,,,,,,,,,,,,,,,,,
,,,,Products/Patio Furniture,Default Category,,,,,,,,,,,,,,,,,,,,,,,,,,,,,,,,,,,,,,,,,,,,,,,,,,,,,,,,,,,,,,,,,,,,,,,,,,,,,,,,,,,,,,,,,,,,,
,,,,Products/Patio Wicker Furniture,Default Category,,,,,,,,,,,,,,,,,,,,,,,,,,,,,,,,,,,,,,,,,,,,,,,,,,,,,,,,,,,,,,,,,,,,,,,,,,,,,,,,,,,,,,,,,,,,,
,,,,Products/Pool Furniture,Default Category,,,,,,,,,,,,,,,,,,,,,,,,,,,,,,,,,,,,,,,,,,,,,,,,,,,,,,,,,,,,,,,,,,,,,,,,,,,,,,,,,,,,,,,,,,,,,
,,,,Products/Ratan Outdoor Furniture,Default Category,,,,,,,,,,,,,,,,,,,,,,,,,,,,,,,,,,,,,,,,,,,,,,,,,,,,,,,,,,,,,,,,,,,,,,,,,,,,,,,,,,,,,,,,,,,,,
,,,,Products/Seating,Default Category,,,,,,,,,,,,,,,,,,,,,,,,,,,,,,,,,,,,,,,,,,,,,,,,,,,,,,,,,,,,,,,,,,,,,,,,,,,,,,,,,,,,,,,,,,,,,
,,,,Products/Sectionals,Default Category,,,,,,,,,,,,,,,,,,,,,,,,,,,,,,,,,,,,,,,,,,,,,,,,,,,,,,,,,,,,,,,,,,,,,,,,,,,,,,,,,,,,,,,,,,,,,
,,,,Products/Sunroom Furniture,Default Category,,,,,,,,,,,,,,,,,,,,,,,,,,,,,,,,,,,,,,,,,,,,,,,,,,,,,,,,,,,,,,,,,,,,,,,,,,,,,,,,,,,,,,,,,,,,,
,,,,Products/Wicker Deck Furniture,Default Category,,,,,,,,,,,,,,,,,,,,,,,,,,,,,,,,,,,,,,,,,,,,,,,,,,,,,,,,,,,,,,,,,,,,,,,,,,,,,,,,,,,,,,,,,,,,,
,,,,Products/Wicker Furniture,Default Category,,,,,,,,,,,,,,,,,,,,,,,,,,,,,,,,,,,,,,,,,,,,,,,,,,,,,,,,,,,,,,,,,,,,,,,,,,,,,,,,,,,,,,,,,,,,,
,,,,Products/Wicker Outdoor Furniture,Default Category,,,,,,,,,,,,,,,,,,,,,,,,,,,,,,,,,,,,,,,,,,,,,,,,,,,,,,,,,,,,,,,,,,,,,,,,,,,,,,,,,,,,,,,,,,,,,
,,,,Products/Wicker Outdoor Patio Furniture,Default Category,,,,,,,,,,,,,,,,,,,,,,,,,,,,,,,,,,,,,,,,,,,,,,,,,,,,,,,,,,,,,,,,,,,,,,,,,,,,,,,,,,,,,,,,,,,,,
,,,,Products/Wicker Patio Furniture,Default Category,,,,,,,,,,,,,,,,,,,,,,,,,,,,,,,,,,,,,,,,,,,,,,,,,,,,,,,,,,,,,,,,,,,,,,,,,,,,,,,,,,,,,,,,,,,,,
,,,,Products/Wicker Patio Furniture Sale,Default Category,,,,,,,,,,,,,,,,,,,,,,,,,,,,,,,,,,,,,,,,,,,,,,,,,,,,,,,,,,,,,,,,,,,,,,,,,,,,,,,,,,,,,,,,,,,,,
,,,,Products/Wicker Seating,Default Category,,,,,,,,,,,,,,,,,,,,,,,,,,,,,,,,,,,,,,,,,,,,,,,,,,,,,,,,,,,,,,,,,,,,,,,,,,,,,,,,,,,,,,,,,,,,,
,,,,Products/Wicker Sectionals,Default Category,,,,,,,,,,,,,,,,,,,,,,,,,,,,,,,,,,,,,,,,,,,,,,,,,,,,,,,,,,,,,,,,,,,,,,,,,,,,,,,,,,,,,,,,,,,,,
,,,,Products/Modular Furniture/7 Piece Modular Sectional,Default Category,,,,,,,,,,,,,,,,,,,,,,,,,,,,,,,,,,,,,,,,,,,,,,,,,,,,,,,,,,,,,,,,,,,,,,,,,,,,,,,,,,,,,,,,,,,,,
,,,,Products/Outdoor Patio Furniture/Outdoor Patio Sectionals,Default Category,,,,,,,,,,,,,,,,,,,,,,,,,,,,,,,,,,,,,,,,,,,,,,,,,,,,,,,,,,,,,,,,,,,,,,,,,,,,,,,,,,,,,,,,,,,,,
,,,,Products/Outdoor Furniture/Outdoor Sectional Pieces,Default Category,,,,,,,,,,,,,,,,,,,,,,,,,,,,,,,,,,,,,,,,,,,,,,,,,,,,,,,,,,,,,,,,,,,,,,,,,,,,,,,,,,,,,,,,,,,,,
,,,,Products/Ratan Outdoor Furniture/Ratan Sectionals,Default Category,,,,,,,,,,,,,,,,,,,,,,,,,,,,,,,,,,,,,,,,,,,,,,,,,,,,,,,,,,,,,,,,,,,,,,,,,,,,,,,,,,,,,,,,,,,,,
,,,,Products/Sectionals/Sectional,Default Category,,,,,,,,,,,,,,,,,,,,,,,,,,,,,,,,,,,,,,,,,,,,,,,,,,,,,,,,,,,,,,,,,,,,,,,,,,,,,,,,,,,,,,,,,,,,,
,,,,Products/Wicker Sectionals/Wicker 3 Piece Sectional,Default Category,,,,,,,,,,,,,,,,,,,,,,,,,,,,,,,,,,,,,,,,,,,,,,,,,,,,,,,,,,,,,,,,,,,,,,,,,,,,,,,,,,,,,,,,,,,,,
,,,,Products/Wicker Sectionals/Wicker 4 Piece Sectional,Default Category,,,,,,,,,,,,,,,,,,,,,,,,,,,,,,,,,,,,,,,,,,,,,,,,,,,,,,,,,,,,,,,,,,,,,,,,,,,,,,,,,,,,,,,,,,,,,
,,,,Products/Wicker Sectionals/Wicker 5 Piece Sectional,Default Category,,,,,,,,,,,,,,,,,,,,,,,,,,,,,,,,,,,,,,,,,,,,,,,,,,,,,,,,,,,,,,,,,,,,,,,,,,,,,,,,,,,,,,,,,,,,,
,,,,Products/Wicker Sectionals/Wicker 6 Piece Sectional,Default Category,,,,,,,,,,,,,,,,,,,,,,,,,,,,,,,,,,,,,,,,,,,,,,,,,,,,,,,,,,,,,,,,,,,,,,,,,,,,,,,,,,,,,,,,,,,,,
,,,,Products/Wicker Furniture Sets/Wicker 7 Piece Modular Sectional,Default Category,,,,,,,,,,,,,,,,,,,,,,,,,,,,,,,,,,,,,,,,,,,,,,,,,,,,,,,,,,,,,,,,,,,,,,,,,,,,,,,,,,,,,,,,,,,,,
,,,,Products/Wicker Furniture Sets/Wicker 9 Piece Modular Sectional,Default Category,,,,,,,,,,,,,,,,,,,,,,,,,,,,,,,,,,,,,,,,,,,,,,,,,,,,,,,,,,,,,,,,,,,,,,,,,,,,,,,,,,,,,,,,,,,,,
,,,,Products/Wicker Sectionals/Wicker Sectional,Default Category,,,,,,,,,,,,,,,,,,,,,,,,,,,,,,,,,,,,,,,,,,,,,,,,,,,,,,,,,,,,,,,,,,,,,,,,,,,,,,,,,,,,,,,,,,,,,
,,,,Products/Furniture Collections/The Brighton Collection,Default Category,,,,,,,,,,,,,,,,,,,,,,,,,,,,,,,,,,,,,,,,,,,,,,,,,,,,,,,,,,,,,,,,,,,,,,,,,,,,,,,,,,,,,,,,,,,,,
BRT879315,,[Frame][Rattan][Fabric][TableTop],simple,Products/Deck Furniture,Default Category,base,,,12/12/2014 20:29:31,,,,,,"<p>Allow yourself the additional leisure of our impressive Brighton Sectional End Piece and seamlessly blend your outdoors together into a functional and attractive oasis. Sink into the plush comfort of our Indentation Load Deflection (ILD) cushioning that has been upholstered in impressive all-weather Allure fabrics that will resist sun damage and discoloration. From top to bottom our striking Brighton Sectional End Piece will withstand the wears and tears of every day use. Crafted with nonferrous aluminum frames and synthetic rattan and wicker resin, your durable Brighton Sectional End Piece will remain strong in a variation of weather conditions. Don&#039;t settle for anything less than the best and purchase all of your outdoors needs from Rattan Outdoor Furniture and complete any set with our widely admired Brighton Sectional End Piece.</p><p>How will adding our stunning modular Brighton Sectional End Piece to your decor? Our products bring new life to any atmosphere and encourage superior outdoor entertaining. Emphasize your need for luxury and do so while paying the lowest prices in the industry with the order of our aesthetically pleasing Brighton Sectional End Piece. Contact our sales team for even more information on the affordability of our high-end wicker Brighton Sectional End Piece by calling us at <a href='tel:18442728826'>(844) 2-RATTAN</a> or sending an email to <a href='mailto:sales@rattanoutdoorfurniture.com'>sales@rattanoutdoorfurniture.com</a>. Create new trends by configuring incredible furniture arrangements across your patio and give yourself the freedom to explore your decor options with our distinctive Brighton Sectional End Piece.</p>",795R2C1,Natural Wood,,0,0,/b/r/brighton-sectional-end-front-angle-cushion_1_1.jpg,Brighton Sectional End Piece - Front Angle with Cushion,,,"Find our lavish wicker and rattan Brighton Sectional End Piece that will perfectly accentuate your home in plush comfort, and receive free shipping.",Brighton Modular Sectional End Piece,Brighton Sectional End Piece,,469.99,Use config,Use config,Brighton Sectional End Piece,,,Block after Info Column,,collections/brighton,389.99,CC2 5mm Round,0,The Brighton Collection,/b/r/brighton-sectional-end-front-angle-cushion_1_1.jpg,Brighton Sectional End Piece - Front Angle with Cushion,,,,1,,2,/b/r/brighton-sectional-end-front-angle-cushion_1_1.jpg,Brighton Sectional End Piece - Front Angle with Cushion,12/12/2014 23:12:23,sectional-end-piece,sectional-end-piece,4,100,100,0,1,0,0,1,0,0,0,1,1,0,1,0,1,0,1,0,1,0,0,,,,,,,,,,,,,,,,,88,/b/r/brighton-sectional-end-front-angle-cushion_1_1.jpg,Brighton Sectional End Piece - Front Angle with Cushion,1,1
,,,,Products/Modern Wicker Furniture,Default Category,,,,,,,,,,,,,,,,,,,,,,,,,,,,,,,,,,,,,,,,,,,,,,,,,,,,,,,,,,,,,,,,,,,,,,,,,,,,,,,,,,,,,,,,,88,/b/r/brighton-sectional-end-front-cushion_1_1.jpg,Front with Cushion - Brighton Sectional End Piece,2,0
,,,,Products/Modular Furniture,Default Category,,,,,,,,,,,,,,,,,,,,,,,,,,,,,,,,,,,,,,,,,,,,,,,,,,,,,,,,,,,,,,,,,,,,,,,,,,,,,,,,,,,,,,,,,88,/b/r/brighton-sectional-end-front_1_1.jpg,Front without Cushion - Brighton Sectional End Piece,3,0
,,,,Products/Outdoor Furniture,Default Category,,,,,,,,,,,,,,,,,,,,,,,,,,,,,,,,,,,,,,,,,,,,,,,,,,,,,,,,,,,,,,,,,,,,,,,,,,,,,,,,,,,,,,,,,88,/b/r/brighton-sectional-end-back_1_1.jpg,Back View - Brighton Sectional End Piece,4,0
,,,,Products/Outdoor Patio Furniture,Default Category,,,,,,,,,,,,,,,,,,,,,,,,,,,,,,,,,,,,,,,,,,,,,,,,,,,,,,,,,,,,,,,,,,,,,,,,,,,,,,,,,,,,,,,,,,,,,
,,,,Products/Patio Furniture,Default Category,,,,,,,,,,,,,,,,,,,,,,,,,,,,,,,,,,,,,,,,,,,,,,,,,,,,,,,,,,,,,,,,,,,,,,,,,,,,,,,,,,,,,,,,,,,,,
,,,,Products/Patio Wicker Furniture,Default Category,,,,,,,,,,,,,,,,,,,,,,,,,,,,,,,,,,,,,,,,,,,,,,,,,,,,,,,,,,,,,,,,,,,,,,,,,,,,,,,,,,,,,,,,,,,,,
,,,,Products/Pool Furniture,Default Category,,,,,,,,,,,,,,,,,,,,,,,,,,,,,,,,,,,,,,,,,,,,,,,,,,,,,,,,,,,,,,,,,,,,,,,,,,,,,,,,,,,,,,,,,,,,,
,,,,Products/Ratan Outdoor Furniture,Default Category,,,,,,,,,,,,,,,,,,,,,,,,,,,,,,,,,,,,,,,,,,,,,,,,,,,,,,,,,,,,,,,,,,,,,,,,,,,,,,,,,,,,,,,,,,,,,
,,,,Products/Seating,Default Category,,,,,,,,,,,,,,,,,,,,,,,,,,,,,,,,,,,,,,,,,,,,,,,,,,,,,,,,,,,,,,,,,,,,,,,,,,,,,,,,,,,,,,,,,,,,,
,,,,Products/Sectionals,Default Category,,,,,,,,,,,,,,,,,,,,,,,,,,,,,,,,,,,,,,,,,,,,,,,,,,,,,,,,,,,,,,,,,,,,,,,,,,,,,,,,,,,,,,,,,,,,,
,,,,Products/Sunroom Furniture,Default Category,,,,,,,,,,,,,,,,,,,,,,,,,,,,,,,,,,,,,,,,,,,,,,,,,,,,,,,,,,,,,,,,,,,,,,,,,,,,,,,,,,,,,,,,,,,,,
,,,,Products/Wicker Deck Furniture,Default Category,,,,,,,,,,,,,,,,,,,,,,,,,,,,,,,,,,,,,,,,,,,,,,,,,,,,,,,,,,,,,,,,,,,,,,,,,,,,,,,,,,,,,,,,,,,,,
,,,,Products/Wicker Furniture,Default Category,,,,,,,,,,,,,,,,,,,,,,,,,,,,,,,,,,,,,,,,,,,,,,,,,,,,,,,,,,,,,,,,,,,,,,,,,,,,,,,,,,,,,,,,,,,,,
,,,,Products/Wicker Outdoor Furniture,Default Category,,,,,,,,,,,,,,,,,,,,,,,,,,,,,,,,,,,,,,,,,,,,,,,,,,,,,,,,,,,,,,,,,,,,,,,,,,,,,,,,,,,,,,,,,,,,,
,,,,Products/Wicker Outdoor Patio Furniture,Default Category,,,,,,,,,,,,,,,,,,,,,,,,,,,,,,,,,,,,,,,,,,,,,,,,,,,,,,,,,,,,,,,,,,,,,,,,,,,,,,,,,,,,,,,,,,,,,
,,,,Products/Wicker Patio Furniture,Default Category,,,,,,,,,,,,,,,,,,,,,,,,,,,,,,,,,,,,,,,,,,,,,,,,,,,,,,,,,,,,,,,,,,,,,,,,,,,,,,,,,,,,,,,,,,,,,
,,,,Products/Wicker Patio Furniture Sale,Default Category,,,,,,,,,,,,,,,,,,,,,,,,,,,,,,,,,,,,,,,,,,,,,,,,,,,,,,,,,,,,,,,,,,,,,,,,,,,,,,,,,,,,,,,,,,,,,
,,,,Products/Wicker Seating,Default Category,,,,,,,,,,,,,,,,,,,,,,,,,,,,,,,,,,,,,,,,,,,,,,,,,,,,,,,,,,,,,,,,,,,,,,,,,,,,,,,,,,,,,,,,,,,,,
,,,,Products/Wicker Sectionals,Default Category,,,,,,,,,,,,,,,,,,,,,,,,,,,,,,,,,,,,,,,,,,,,,,,,,,,,,,,,,,,,,,,,,,,,,,,,,,,,,,,,,,,,,,,,,,,,,
,,,,Products/Modular Furniture/7 Piece Modular Sectional,Default Category,,,,,,,,,,,,,,,,,,,,,,,,,,,,,,,,,,,,,,,,,,,,,,,,,,,,,,,,,,,,,,,,,,,,,,,,,,,,,,,,,,,,,,,,,,,,,
,,,,Products/Outdoor Patio Furniture/Outdoor Patio Sectionals,Default Category,,,,,,,,,,,,,,,,,,,,,,,,,,,,,,,,,,,,,,,,,,,,,,,,,,,,,,,,,,,,,,,,,,,,,,,,,,,,,,,,,,,,,,,,,,,,,
,,,,Products/Outdoor Furniture/Outdoor Sectional Pieces,Default Category,,,,,,,,,,,,,,,,,,,,,,,,,,,,,,,,,,,,,,,,,,,,,,,,,,,,,,,,,,,,,,,,,,,,,,,,,,,,,,,,,,,,,,,,,,,,,
,,,,Products/Ratan Outdoor Furniture/Ratan Sectionals,Default Category,,,,,,,,,,,,,,,,,,,,,,,,,,,,,,,,,,,,,,,,,,,,,,,,,,,,,,,,,,,,,,,,,,,,,,,,,,,,,,,,,,,,,,,,,,,,,
,,,,Products/Sectionals/Sectional,Default Category,,,,,,,,,,,,,,,,,,,,,,,,,,,,,,,,,,,,,,,,,,,,,,,,,,,,,,,,,,,,,,,,,,,,,,,,,,,,,,,,,,,,,,,,,,,,,
,,,,Products/Wicker Sectionals/Wicker 3 Piece Sectional,Default Category,,,,,,,,,,,,,,,,,,,,,,,,,,,,,,,,,,,,,,,,,,,,,,,,,,,,,,,,,,,,,,,,,,,,,,,,,,,,,,,,,,,,,,,,,,,,,
,,,,Products/Wicker Sectionals/Wicker 4 Piece Sectional,Default Category,,,,,,,,,,,,,,,,,,,,,,,,,,,,,,,,,,,,,,,,,,,,,,,,,,,,,,,,,,,,,,,,,,,,,,,,,,,,,,,,,,,,,,,,,,,,,
,,,,Products/Wicker Sectionals/Wicker 5 Piece Sectional,Default Category,,,,,,,,,,,,,,,,,,,,,,,,,,,,,,,,,,,,,,,,,,,,,,,,,,,,,,,,,,,,,,,,,,,,,,,,,,,,,,,,,,,,,,,,,,,,,
,,,,Products/Wicker Sectionals/Wicker 6 Piece Sectional,Default Category,,,,,,,,,,,,,,,,,,,,,,,,,,,,,,,,,,,,,,,,,,,,,,,,,,,,,,,,,,,,,,,,,,,,,,,,,,,,,,,,,,,,,,,,,,,,,
,,,,Products/Wicker Furniture Sets/Wicker 7 Piece Modular Sectional,Default Category,,,,,,,,,,,,,,,,,,,,,,,,,,,,,,,,,,,,,,,,,,,,,,,,,,,,,,,,,,,,,,,,,,,,,,,,,,,,,,,,,,,,,,,,,,,,,
,,,,Products/Wicker Furniture Sets/Wicker 9 Piece Modular Sectional,Default Category,,,,,,,,,,,,,,,,,,,,,,,,,,,,,,,,,,,,,,,,,,,,,,,,,,,,,,,,,,,,,,,,,,,,,,,,,,,,,,,,,,,,,,,,,,,,,
,,,,Products/Wicker Sectionals/Wicker Sectional,Default Category,,,,,,,,,,,,,,,,,,,,,,,,,,,,,,,,,,,,,,,,,,,,,,,,,,,,,,,,,,,,,,,,,,,,,,,,,,,,,,,,,,,,,,,,,,,,,
,,,,Products/Furniture Collections/The Brighton Collection,Default Category,,,,,,,,,,,,,,,,,,,,,,,,,,,,,,,,,,,,,,,,,,,,,,,,,,,,,,,,,,,,,,,,,,,,,,,,,,,,,,,,,,,,,,,,,,,,,